sequence,Spacer,start,expression_level,adv,new
ATAGGAGG,GCCATG,ATG,11.48917773,308000000000.0,ATAGGAGGGCCATGATG
GAAGGAGA,TGTTCTACA,ATG,10.68200019,48083955896.0,GAAGGAGATGTTCTACAATG
GAAGGAAG,GACCAAC,ATG,9.979156033,9531385453.0,GAAGGAAGGACCAACATG
AAAGGTAA,GCCCGTC,ATG,9.897998866,7906765627.0,AAAGGTAAGCCCGTCATG
ACAGGACG,AACTCCCG,ATG,9.83681172,6867706396.0,ACAGGACGAACTCCCGATG
GATGGAGG,ATTGGGCCT,ATG,9.619258624,4161583607.0,GATGGAGGATTGGGCCTATG
AAAGGACA,AGAACC,ATG,9.586110858,3855767672.0,AAAGGACAAGAACCATG
AGAGGAAA,GAAGGACATC,ATG,9.56166231,3644704389.0,AGAGGAAAGAAGGACATCATG
AAAGGAAA,CCCG,ATG,9.392969855,2471552584.0,AAAGGAAACCCGATG
GAAGGAGT,ACACG,ATG,9.342821113,2202019261.0,GAAGGAGTACACGATG
GGGGGACG,GAAAGGGAAATCCC,ATG,9.317686674,2078196809.0,GGGGGACGGAAAGGGAAATCCCATG
GAAGGAGC,GAAAAGGAA,ATG,9.272010692,1870728197.0,GAAGGAGCGAAAAGGAAATG
AAGGGACC,CGATGA,ATG,9.128815669,1345289242.0,AAGGGACCCGATGAATG
TATGGAGG,GGATTCCGCGAC,ATG,9.107171087,1279885407.0,TATGGAGGGGATTCCGCGACATG
GAAGGAAG,AGCATC,ATG,9.043915252,1106407860.0,GAAGGAAGAGCATCATG
ACCGGAGA,AGCACA,ATG,9.004163458,1009632816.0,ACCGGAGAAGCACAATG
TCGGGAGG,TTTTCG,ATG,8.997705796,994731329.3,TCGGGAGGTTTTCGATG
CAAGGAGA,TCGCTTGCG,ATG,8.996956533,993016655.1,CAAGGAGATCGCTTGCGATG
CGAGGAGA,GAGAC,ATG,8.977429609,949357114.0,CGAGGAGAGAGACATG
GGAGGAAA,ATCAGCG,ATG,8.961528439,915226188.3,GGAGGAAAATCAGCGATG
AAAGGAGA,ACCGCG,ATG,8.947621004,886382155.0,AAAGGAGAACCGCGATG
CAAGGAGA,AGACGCGAC,ATG,8.924527514,840480252.3,CAAGGAGAAGACGCGACATG
ACCGGAAA,GCGCGC,ATG,8.904492993,802588611.4,ACCGGAAAGCGCGCATG
AAGGGAAG,GCAGAC,ATG,8.892055157,779929158.7,AAGGGAAGGCAGACATG
ACAGGTGA,CGGGCCTG,ATG,8.843273957,697066091.2,ACAGGTGACGGGCCTGATG
CAAGGATA,AGAGAA,ATG,8.838179787,688937440.1,CAAGGATAAGAGAAATG
CACGGAAT,GAGTTC,ATG,8.827286382,671871751.5,CACGGAATGAGTTCATG
GAAGGAGA,AGGGACATGAGC,ATG,8.822645533,664730387.4,GAAGGAGAAGGGACATGAGCATG
CATGGAGT,TCCCGAT,ATG,8.816814291,655864751.8,CATGGAGTTCCCGATATG
CGGGGAAG,AACAGG,ATG,8.816397072,655234976.9,CGGGGAAGAACAGGATG
CAAGGAGT,ACTGAA,TTG,8.814027772,651670064.8,CAAGGAGTACTGAATTG
AAAGGACT,GAAGTG,ATG,8.797125299,626794676.6,AAAGGACTGAAGTGATG
AAGGGAAC,GATGCG,ATG,8.783408687,607307558.9,AAGGGAACGATGCGATG
CTGGGAGA,TTTCTC,ATG,8.767407809,585339469.3,CTGGGAGATTTCTCATG
AGGGGAAA,GAAAAACC,ATG,8.765753532,583114085.2,AGGGGAAAGAAAAACCATG
ATAGGAGA,TTCCCG,ATG,8.760545697,576163440.1,ATAGGAGATTCCCGATG
CAAGGAAA,AGAACGGAAAA,ATG,8.760060563,575520189.3,CAAGGAAAAGAACGGAAAAATG
GAAGGAAT,AAACG,ATG,8.753701773,567155010.5,GAAGGAATAAACGATG
AAAGGAGA,CACAGGTGCC,ATG,8.747443865,559041263.3,AAAGGAGACACAGGTGCCATG
AGGGGAAA,ACGCGCC,ATG,8.74545295,556484343.3,AGGGGAAAACGCGCCATG
GAAGGACA,GATGAGGC,ATG,8.734310486,542388516.0,GAAGGACAGATGAGGCATG
AGAGGTAA,GACAA,ATG,8.729196098,536038641.6,AGAGGTAAGACAAATG
CAGGGAGA,AGATC,ATG,8.726039556,532156726.4,CAGGGAGAAGATCATG
AGAGGATA,GAACC,ATG,8.725102566,531009835.9,AGAGGATAGAACCATG
AAGGGAAA,GTGCTGTG,ATG,8.72268075,528056934.8,AAGGGAAAGTGCTGTGATG
AAGGGAGG,GAAGGCT,TTG,8.720031821,524845914.7,AAGGGAGGGAAGGCTTTG
CAAGGATG,AACACG,ATG,8.719334311,524003648.4,CAAGGATGAACACGATG
CCCGGAGG,ATCCCGGC,ATG,8.69445325,494826842.1,CCCGGAGGATCCCGGCATG
AAAGGAAA,CCCGC,ATG,8.690639419,490500460.4,AAAGGAAACCCGCATG
AAAGGAAA,TTTCCGC,ATG,8.684983616,484154102.0,AAAGGAAATTTCCGCATG
CATGGAGA,AGGGTTCCTG,ATG,8.675253153,473427141.9,CATGGAGAAGGGTTCCTGATG
GAGGGAGC,TTCCCC,ATG,8.672611128,470555796.7,GAGGGAGCTTCCCCATG
TAAGGAGC,GAACATC,ATG,8.663460604,460744970.9,TAAGGAGCGAACATCATG
AGAGGAGG,CTGAC,ATG,8.657281471,454235917.0,AGAGGAGGCTGACATG
ACAGGAGA,CCCCCG,ATG,8.646694766,443296972.9,ACAGGAGACCCCCGATG
GAAGGAGC,CAGAAC,ATG,8.631258723,427817675.1,GAAGGAGCCAGAACATG
CAGGGACA,GAGGATTAGGCG,ATG,8.621871085,418669270.0,CAGGGACAGAGGATTAGGCGATG
AAAGGAGA,AAGGGCGCCAGAC,ATG,8.611251789,408556184.8,AAAGGAGAAAGGGCGCCAGACATG
AGGGGAGG,ACCAAG,ATG,8.609633449,407036587.4,AGGGGAGGACCAAGATG
ACAGGAGG,AAAAGCCT,ATG,8.608087689,405590420.5,ACAGGAGGAAAAGCCTATG
GCAGGAGA,TGATGGACTG,ATG,8.598150805,396415662.7,GCAGGAGATGATGGACTGATG
GAGGGAAA,GCCTGCC,ATG,8.595169357,393703573.5,GAGGGAAAGCCTGCCATG
GAAGGAGT,GTTT,ATG,8.58470104,384327127.3,GAAGGAGTGTTTATG
TGAGGAGG,CCCGGTCC,ATG,8.58429542,383968343.0,TGAGGAGGCCCGGTCCATG
CAAGGAAT,GAAGG,ATC,8.582268383,382180376.1,CAAGGAATGAAGGATC
AAGGGAGC,GCAACAACACC,ATG,8.580956638,381027778.1,AAGGGAGCGCAACAACACCATG
CGGGGAAA,GAAAGCGC,ATG,8.572024713,373271398.1,CGGGGAAAGAAAGCGCATG
GATGGAAG,CCCGTGC,ATG,8.565764133,367929095.4,GATGGAAGCCCGTGCATG
AAGGGAGC,ATCCATC,ATG,8.565277123,367516737.5,AAGGGAGCATCCATCATG
AGAGGAGG,AAAGGGTCGGG,ATG,8.564933103,367225730.0,AGAGGAGGAAAGGGTCGGGATG
AATGGAGA,GCTGACGAC,ATG,8.563969302,366411673.6,AATGGAGAGCTGACGACATG
GATGGAGG,ACAATCCAG,ATG,8.562035541,364783797.9,GATGGAGGACAATCCAGATG
GAAGGATG,GTTTCC,ATG,8.560852901,363791795.7,GAAGGATGGTTTCCATG
ACAGGAGC,ACCGAC,ATG,8.552473773,356840199.4,ACAGGAGCACCGACATG
CGTGGAGG,AGGCCG,ATG,8.552318922,356712987.5,CGTGGAGGAGGCCGATG
CGAGGAGG,GAAGACCGTCC,ATG,8.550337215,355088997.0,CGAGGAGGGAAGACCGTCCATG
GGGGGACG,AGAGCAC,ATG,8.549987929,354803527.5,GGGGGACGAGAGCACATG
GCAGGAGC,AGACCCTCT,ATG,8.547744579,352975514.0,GCAGGAGCAGACCCTCTATG
GAAGGATA,GCC,ATG,8.54291479,349071819.6,GAAGGATAGCCATG
ATAGGAGT,CCAGCGGG,ATG,8.540302006,346978053.6,ATAGGAGTCCAGCGGGATG
TATGGAGG,AAGGACCTG,ATG,8.533389657,341499173.4,TATGGAGGAAGGACCTGATG
ACAGGAGG,AGCCC,ATG,8.529432281,338401501.6,ACAGGAGGAGCCCATG
CAAGGAGA,ACCT,ATG,8.528684056,337818987.9,CAAGGAGAACCTATG
GATGGAAA,GGCTGAGCGA,ATG,8.528196301,337439797.2,GATGGAAAGGCTGAGCGAATG
GCAGGAGC,CTGCC,ATG,8.523469122,333786772.0,GCAGGAGCCTGCCATG
AAAGGATA,AAGCCC,ATG,8.516258702,328290792.5,AAAGGATAAAGCCCATG
TAAGGAGA,GCCGCCC,GTG,8.513970751,326565838.0,TAAGGAGAGCCGCCCGTG
AGGGGAGG,CACCC,ATG,8.513156761,325954335.0,AGGGGAGGCACCCATG
GGGGGACA,AAGACC,ATG,8.512884428,325750002.5,GGGGGACAAAGACCATG
CGGGGAAA,AAGC,ATG,8.507509864,321743560.6,CGGGGAAAAAGCATG
ACGGGAGA,GCCGAAGGC,ATG,8.495918034,313269442.5,ACGGGAGAGCCGAAGGCATG
AAAGGAGA,AACGTGA,ATG,8.493029123,311192501.3,AAAGGAGAAACGTGAATG
CGCGGAGT,GATAGCCGG,TTG,8.490022619,309045638.3,CGCGGAGTGATAGCCGGTTG
GAAGGAGA,ATCGGC,ATG,8.490002487,309031312.7,GAAGGAGAATCGGCATG
CAAGGAAG,ACTCCCG,ATG,8.489751687,308852902.2,CAAGGAAGACTCCCGATG
CGCGGAGG,GCAGCG,ATG,8.484481571,305127654.4,CGCGGAGGGCAGCGATG
TCAGGAAA,AGTTTGACA,ATG,8.484421236,305085267.5,TCAGGAAAAGTTTGACAATG
GCAGGATA,CCCCGCC,ATG,8.482369234,303647167.2,GCAGGATACCCCGCCATG
TAAGGTGA,GGAACGCGAC,ATG,8.480212453,302142941.8,TAAGGTGAGGAACGCGACATG
AGAGGAGA,TGTGAC,ATG,8.474957001,298508705.2,AGAGGAGATGTGACATG
CAAGGAAT,AGGTCC,ATG,8.467488319,293419058.4,CAAGGAATAGGTCCATG
TTAGGAGA,GAGGCACCGG,ATG,8.467412537,293367862.9,TTAGGAGAGAGGCACCGGATG
AAAGGACT,TAAAGACA,ATG,8.456880482,286338985.4,AAAGGACTTAAAGACAATG
AAGGGAGC,GAGATCGCCG,ATG,8.45565669,285533251.1,AAGGGAGCGAGATCGCCGATG
GGAGGAGA,GACTCC,ATG,8.450651835,282261623.6,GGAGGAGAGACTCCATG
AAGGGAAG,AGAC,ATG,8.450574944,282211654.0,AAGGGAAGAGACATG
CACGGACG,GCAAG,ATG,8.449368828,281428987.2,CACGGACGGCAAGATG
CAAGGATC,ATCC,ATG,8.436825547,273417021.2,CAAGGATCATCCATG
AACGGAGC,GGCAA,ATG,8.429402645,268783524.6,AACGGAGCGGCAAATG
CAAGGAGC,AAGCC,ATG,8.428914136,268481358.1,CAAGGAGCAAGCCATG
GAAGGAAT,ACCTGA,ATG,8.425651027,266471660.0,GAAGGAATACCTGAATG
CAAGGAGC,GCACCC,ATG,8.42549855,266378120.5,CAAGGAGCGCACCCATG
AAAGGACG,GGCCAG,ATG,8.422756031,264701273.8,AAAGGACGGGCCAGATG
CGAGGAGA,AGCCC,ATG,8.42009834,263086364.5,CGAGGAGAAGCCCATG
AAAGGAAC,CGGCC,ATG,8.416411443,260862374.2,AAAGGAACCGGCCATG
TAAGGAGT,GAACAC,ATG,8.4151712,260118475.2,TAAGGAGTGAACACATG
GAAGGATT,GAGGCGC,ATG,8.414089413,259471351.1,GAAGGATTGAGGCGCATG
CCGGGAGG,AAGACCGA,ATG,8.411952172,258197582.5,CCGGGAGGAAGACCGAATG
GGCGGAGG,ATGCC,ATG,8.405352364,254303515.3,GGCGGAGGATGCCATG
AAAGGAGA,GTGCG,ATG,8.401146219,251852472.5,AAAGGAGAGTGCGATG
ACAGGAGC,GCCGGCAA,ATG,8.40049746,251476530.8,ACAGGAGCGCCGGCAAATG
AAAGGAGG,ACGAA,ATG,8.395223438,248441096.6,AAAGGAGGACGAAATG
AAGGGAAA,TGAGGA,ATG,8.391501217,246320873.8,AAGGGAAATGAGGAATG
AAAGGAAA,GAGTAAGCCTGC,GTG,8.390482155,245743565.5,AAAGGAAAGAGTAAGCCTGCGTG
AGGGGAAG,AAGCC,ATG,8.386970648,243764606.6,AGGGGAAGAAGCCATG
AGAGGAGA,GGCCCTTT,ATG,8.379665641,239698679.4,AGAGGAGAGGCCCTTTATG
GAAGGAGA,AAAACCCA,ATG,8.377875668,238712778.6,GAAGGAGAAAAACCCAATG
AAAGGATC,AAATCCGC,ATG,8.369135725,233956828.3,AAAGGATCAAATCCGCATG
AAAGGAAA,GCTCGG,ATG,8.367543691,233100761.0,AAAGGAAAGCTCGGATG
AACGGAGA,GGCAG,ATG,8.366824338,232714978.8,AACGGAGAGGCAGATG
AAGGGAAG,GGC,ATG,8.366748376,232674278.5,AAGGGAAGGGCATG
CAAGGACG,AGG,ATG,8.363991896,231202164.7,CAAGGACGAGGATG
CAAGGACG,GCTCCC,ATG,8.362709394,230520415.5,CAAGGACGGCTCCCATG
AACGGAGA,ACCCCG,ATG,8.361096402,229665839.1,AACGGAGAACCCCGATG
AAAGGATG,TAAAGA,ATG,8.360536848,229370123.1,AAAGGATGTAAAGAATG
CAGGGAGG,GCC,ATG,8.360099979,229139509.5,CAGGGAGGGCCATG
CCCGGAGG,CACGCC,ATG,8.356757283,227382628.8,CCCGGAGGCACGCCATG
GGGGGAGG,GAG,ATG,8.350677829,224221797.0,GGGGGAGGGAGATG
CAAGGATA,CAGGCG,ATG,8.350147339,223948077.9,CAAGGATACAGGCGATG
AGAGGAGC,ACC,ATG,8.348963624,223338514.8,AGAGGAGCACCATG
CGGGGTGA,AAGACAAG,ATG,8.347616541,222646842.9,CGGGGTGAAAGACAAGATG
AGAGGAAG,AGGGAGCCGAGTCC,ATG,8.345892563,221764774.6,AGAGGAAGAGGGAGCCGAGTCCATG
GCAGGAGC,GCCCGCC,ATG,8.341096034,219328987.7,GCAGGAGCGCCCGCCATG
CGAGGAGG,TAAACCACG,ATG,8.338158716,217850577.7,CGAGGAGGTAAACCACGATG
GCGGGACA,ACGCCA,ATG,8.335612499,216577082.6,GCGGGACAACGCCAATG
AAGGGAAT,AGCCG,ATG,8.333669203,215610150.5,AAGGGAATAGCCGATG
AGAGGAGA,AGAGCG,ATG,8.331828253,214698125.7,AGAGGAGAAGAGCGATG
GGAGGAGA,GCA,ATG,8.330316363,213952006.2,GGAGGAGAGCAATG
TAAGGAGA,GCTGCAACC,ATG,8.329009442,213309128.9,TAAGGAGAGCTGCAACCATG
CAAGGAAA,GAGATGAAGTC,ATG,8.326352142,212007947.7,CAAGGAAAGAGATGAAGTCATG
GCCGGAGG,AGTGATCG,ATG,8.320683857,209258860.9,GCCGGAGGAGTGATCGATG
ATAGGAGA,AAGCC,ATG,8.318576385,208245864.3,ATAGGAGAAAGCCATG
CGAGGTGA,ACGAC,ATG,8.317380279,207673115.9,CGAGGTGAACGACATG
CGAGGACA,GGATCGGC,GTG,8.315391308,206724194.4,CGAGGACAGGATCGGCGTG
AAAGGAAG,AACTC,ATG,8.314255347,206184183.3,AAAGGAAGAACTCATG
GCAGGAGT,TCCGCG,ATG,8.3130091,205593367.4,GCAGGAGTTCCGCGATG
AGAGGAGC,CCTCTC,ATG,8.312673184,205434407.5,AGAGGAGCCCTCTCATG
GCAGGAGG,TATCCG,ATG,8.311636889,204944793.3,GCAGGAGGTATCCGATG
CAGGGAGA,TCTTC,ATG,8.311603588,204929078.8,CAGGGAGATCTTCATG
GCAGGAGA,CAAACCC,ATG,8.304313119,201517663.4,GCAGGAGACAAACCCATG
CAAGGAAA,TTCGATC,ATG,8.303557841,201167510.3,CAAGGAAATTCGATCATG
TAAGGAAA,CCCCGCC,ATG,8.3012867,200118251.6,TAAGGAAACCCCGCCATG
AGGGGAGA,AAGTC,ATG,8.294764353,197135279.3,AGGGGAGAAAGTCATG
AATGGAGG,AAGAAG,ATG,8.292001704,195885236.0,AATGGAGGAAGAAGATG
GCCGGAGG,GCCGCCTGA,ATG,8.29109623,195477254.2,GCCGGAGGGCCGCCTGAATG
AGGGGAAG,AGTTTCC,ATG,8.290498259,195208291.0,AGGGGAAGAGTTTCCATG
GAAGGAAA,AGAAAC,ATG,8.28201046,191430203.2,GAAGGAAAAGAAACATG
AAAGGAAG,ATCCGGCC,ATG,8.277297461,189364018.3,AAAGGAAGATCCGGCCATG
AGAGGACC,GCG,ATG,8.271607141,186899070.1,AGAGGACCGCGATG
AAGGGTAA,CCC,GTG,8.270283056,186330116.6,AAGGGTAACCCGTG
TCAGGAGA,GCCAGGGGC,ATG,8.269759084,186105446.9,TCAGGAGAGCCAGGGGCATG
CGGGGAAA,CAAGC,ATG,8.269659277,186062682.1,CGGGGAAACAAGCATG
GGGGGACA,ACCCCA,ATG,8.26885445,185718193.3,GGGGGACAACCCCAATG
AGAGGAGA,AAGCCGA,ATG,8.267551605,185161890.0,AGAGGAGAAAGCCGAATG
GGGGGAAG,GACGCC,ATG,8.266827266,184853324.7,GGGGGAAGGACGCCATG
GCAGGAAA,AAAGAGTAGAAA,TTG,8.265729605,184386705.7,GCAGGAAAAAAGAGTAGAAATTG
CAAGGAAA,AGATGCG,ATG,8.263218225,183323535.7,CAAGGAAAAGATGCGATG
CAAGGATG,AAGGGGTGCATC,ATG,8.262023155,182819768.5,CAAGGATGAAGGGGTGCATCATG
AAAGGAGA,TGCCCG,ATG,8.258395835,181299177.8,AAAGGAGATGCCCGATG
GAAGGACG,GCTCGC,ATG,8.256679827,180584232.4,GAAGGACGGCTCGCATG
AAAGGAAT,GCCGCC,ATG,8.255215421,179976342.3,AAAGGAATGCCGCCATG
GAGGGAGA,AGGCGA,ATG,8.252256077,178754126.9,GAGGGAGAAGGCGAATG
CGAGGTGA,ATGATGGC,ATG,8.25207783,178680776.0,CGAGGTGAATGATGGCATG
CAGGGAGA,CGGAACCGAG,ATG,8.25161316,178489700.3,CAGGGAGACGGAACCGAGATG
GGCGGAGG,TAACCAA,ATG,8.251496569,178441789.2,GGCGGAGGTAACCAAATG
GAAGGTGA,AAGGTGCTGCC,ATG,8.251300559,178361271.1,GAAGGTGAAAGGTGCTGCCATG
CCCGGAGG,CCTGAT,TTG,8.243023067,174993963.1,CCCGGAGGCCTGATTTG
AAAGGAGG,GCCACCCC,GTG,8.242044296,174600022.6,AAAGGAGGGCCACCCCGTG
CAAGGAGG,GGGTTC,ATG,8.240073473,173809485.0,CAAGGAGGGGGTTCATG
CCCGGAAA,ATCAGGC,ATG,8.238473092,173170173.5,CCCGGAAAATCAGGCATG
CGAGGAGC,ACACC,ATG,8.235903285,172148516.7,CGAGGAGCACACCATG
CGTGGAGG,AAGGATTTC,ATG,8.23075385,170119403.0,CGTGGAGGAAGGATTTCATG
CAAGGAGA,AACCC,GTG,8.228529911,169250480.8,CAAGGAGAAACCCGTG
TAAGGAGG,ACGCC,ATG,8.222522972,166925609.9,TAAGGAGGACGCCATG
AGAGGACA,GGAAAA,ATG,8.215731669,164335605.3,AGAGGACAGGAAAAATG
GGCGGAGT,AGTTCC,ATG,8.212354132,163062513.5,GGCGGAGTAGTTCCATG
AAGGGATA,ACGGCTC,ATG,8.207867541,161386625.6,AAGGGATAACGGCTCATG
GCGGGAGA,CTGAC,ATG,8.206751519,160972437.1,GCGGGAGACTGACATG
ACAGGAAA,AAGCACC,ATG,8.204131261,160004155.0,ACAGGAAAAAGCACCATG
AGGGGACA,ATAGGCAC,ATG,8.198352349,157889172.5,AGGGGACAATAGGCACATG
CGAGGACG,ATCCCT,ATG,8.196734929,157302247.9,CGAGGACGATCCCTATG
AAAGGACC,TATTAGAAC,ATG,8.192865216,155906857.0,AAAGGACCTATTAGAACATG
GATGGAGA,GCC,ATG,8.191362515,155368336.1,GATGGAGAGCCATG
GAAGGATC,GGC,ATG,8.191317701,155352305.0,GAAGGATCGGCATG
GAAGGACA,AGCGCGC,ATG,8.190491871,155057176.3,GAAGGACAAGCGCGCATG
AAAGGACC,GATG,TTG,8.18926184,154618636.7,AAAGGACCGATGTTG
AATGGAAA,ACCTCCC,ATG,8.186009714,153465130.8,AATGGAAAACCTCCCATG
GGCGGAGG,GAACCC,ATG,8.185649252,153337808.4,GGCGGAGGGAACCCATG
ACAGGAGA,ACCGC,ATG,8.18364379,152631365.8,ACAGGAGAACCGCATG
AAAGGATA,ACAGCC,ATG,8.181636571,151927562.9,AAAGGATAACAGCCATG
AACGGAGA,GACCACCTG,ATG,8.178257037,150749901.5,AACGGAGAGACCACCTGATG
AAAGGACG,GGGGAAATT,TTG,8.177493842,150485218.1,AAAGGACGGGGGAAATTTTG
AGAGGACG,TAAGGACATC,ATG,8.174288243,149378551.3,AGAGGACGTAAGGACATCATG
CAAGGACA,GAAATCG,ATG,8.173549113,149124538.7,CAAGGACAGAAATCGATG
AAAGGAGA,CGCTGAC,ATG,8.173299554,149038871.8,AAAGGAGACGCTGACATG
TGGGGAGG,GCAAACGC,ATG,8.170754927,148168173.4,TGGGGAGGGCAAACGCATG
CGAGGAGC,GCAAGGC,ATG,8.169200822,147638907.2,CGAGGAGCGCAAGGCATG
GAAGGAGG,ACCCC,ATG,8.168203339,147300200.8,GAAGGAGGACCCCATG
AAAGGATA,ACCAG,ATG,8.167168682,146949692.6,AAAGGATAACCAGATG
CGGGGACA,GGGCT,GTG,8.165181868,146278961.5,CGGGGACAGGGCTGTG
GAGGGACA,AACGAGGGAAAC,ATG,8.161412302,145014791.3,GAGGGACAAACGAGGGAAACATG
AACGGAGT,AGACGG,ATG,8.161071703,144901106.8,AACGGAGTAGACGGATG
AAAGGACA,ACAGC,ATG,8.159822709,144484982.2,AAAGGACAACAGCATG
CAAGGAGG,GGCCTGCT,GTG,8.159521095,144384673.4,CAAGGAGGGGCCTGCTGTG
AAAGGAGC,TAGGGCG,ATG,8.15760455,143748906.5,AAAGGAGCTAGGGCGATG
GCGGGAGG,GATGCAGCC,ATG,8.156512254,143387817.5,GCGGGAGGGATGCAGCCATG
GAGGGAGC,CACGCC,ATG,8.156496519,143382622.2,GAGGGAGCCACGCCATG
AAAGGACA,AGCCG,ATG,8.154575449,142749780.3,AAAGGACAAGCCGATG
TAAGGAGA,AGTTTC,ATG,8.152850819,142184029.7,TAAGGAGAAGTTTCATG
AAAGGTGT,AAAG,ATG,8.152573946,142093413.0,AAAGGTGTAAAGATG
AACGGAAA,AGCC,ATG,8.150337453,141363553.4,AACGGAAAAGCCATG
CGAGGACT,CGAGCGAG,ATG,8.149062601,140949195.5,CGAGGACTCGAGCGAGATG
CCGGGAGA,CCAGC,ATG,8.148658601,140818139.0,CCGGGAGACCAGCATG
GAAGGAAA,GAAAC,ATG,8.145005887,139638729.0,GAAGGAAAGAAACATG
AAAGGATG,GCCAAGGC,ATG,8.144050918,139332015.2,AAAGGATGGCCAAGGCATG
GGCGGAGT,GTATG,ATG,8.143733165,139230109.5,GGCGGAGTGTATGATG
TAAGGAGA,ATACC,ATG,8.142022691,138682828.5,TAAGGAGAATACCATG
AACGGACA,AAGAAGACA,ATG,8.140408877,138168447.3,AACGGACAAAGAAGACAATG
CAAGGAGT,GCCGCC,ATG,8.138143212,137449515.0,CAAGGAGTGCCGCCATG
GCAGGAAA,GAAGAGAG,ATG,8.137694687,137307635.1,GCAGGAAAGAAGAGAGATG
GAAGGACA,ATGGGCA,ATG,8.136300215,136867462.2,GAAGGACAATGGGCAATG
TGAGGAGG,ACTGGATCTAT,ATG,8.135581919,136641279.1,TGAGGAGGACTGGATCTATATG
CAAGGAGT,CAGCC,ATG,8.134827067,136403987.8,CAAGGAGTCAGCCATG
CAAGGTGT,AGGGGCTGAGCG,ATG,8.131429452,135341022.0,CAAGGTGTAGGGGCTGAGCGATG
GGCGGAGA,ACAACC,ATG,8.129778698,134827567.0,GGCGGAGAACAACCATG
GAAGGAGA,GGATAG,ATG,8.128421845,134406986.9,GAAGGAGAGGATAGATG
ACAGGAAG,GAAAAC,ATG,8.125267902,133434429.2,ACAGGAAGGAAAACATG
CGAGGAGA,TCCCCAAA,ATG,8.124096912,133075134.0,CGAGGAGATCCCCAAAATG
AGAGGTGA,AGCATG,ATG,8.123870393,133005742.8,AGAGGTGAAGCATGATG
GCTGGAAA,CAAGATC,ATG,8.122495692,132585396.6,GCTGGAAACAAGATCATG
GCTGGAGG,GCCTCA,ATG,8.121751423,132358373.8,GCTGGAGGGCCTCAATG
AAAGGAAG,CGACAAGACCCG,ATG,8.120547038,131991826.4,AAAGGAAGCGACAAGACCCGATG
AGGGGAAA,GAGTTG,ATG,8.116776061,130850703.1,AGGGGAAAGAGTTGATG
ACAGGATA,AGGAC,ATG,8.116462605,130756294.7,ACAGGATAAGGACATG
AACGGAGG,AGAACGTTTG,ATG,8.116285558,130703000.6,AACGGAGGAGAACGTTTGATG
ACCGGAGT,GGAACC,ATG,8.11537767,130430052.8,ACCGGAGTGGAACCATG
GAAGGAGA,CGACC,ATG,8.115327389,130414952.9,GAAGGAGACGACCATG
ACCGGAGA,GAGTTGGTTC,ATG,8.114723314,130233680.4,ACCGGAGAGAGTTGGTTCATG
AAGGGAGG,ATGCCG,ATG,8.114307471,130109039.6,AAGGGAGGATGCCGATG
GAAGGAGA,GGATCGGCG,ATG,8.112304104,129510238.9,GAAGGAGAGGATCGGCGATG
CAAGGATC,GCGCCC,ATG,8.106562724,127809378.7,CAAGGATCGCGCCCATG
GCAGGAGG,GTGTAATC,ATG,8.106087731,127669668.5,GCAGGAGGGTGTAATCATG
AAAGGACG,GCGCAC,ATG,8.105799909,127585085.4,AAAGGACGGCGCACATG
CAAGGAGG,AGCTATC,ATG,8.105062832,127368734.0,CAAGGAGGAGCTATCATG
GAGGGAGG,GATAT,ATG,8.103473252,126903398.4,GAGGGAGGGATATATG
CAGGGAAA,GACGGGCG,ATG,8.102847032,126720544.9,CAGGGAAAGACGGGCGATG
GAAGGAGA,CCCCGA,ATG,8.10093805,126164755.3,GAAGGAGACCCCGAATG
CCGGGTGA,GTGGA,ATG,8.100231965,125959800.7,CCGGGTGAGTGGAATG
CAAGGAGA,CGACAG,ATG,8.096522967,124888648.8,CAAGGAGACGACAGATG
CAAGGAGG,AACCGGAC,ATG,8.095743149,124664600.3,CAAGGAGGAACCGGACATG
CGGGGAAA,GGTCGCC,TTG,8.090748572,123239115.3,CGGGGAAAGGTCGCCTTG
CAAGGACC,GGCGCGGCC,ATG,8.085308981,121705157.1,CAAGGACCGGCGCGGCCATG
ACTGGAAA,AACCGC,ATG,8.082146694,120822187.3,ACTGGAAAAACCGCATG
AGAGGATG,AGACGGA,ATG,8.081337364,120597238.7,AGAGGATGAGACGGAATG
GCAGGAGA,TGAAGATCGG,ATG,8.080414128,120341141.9,GCAGGAGATGAAGATCGGATG
CACGGAGG,ACGCGTG,ATG,8.078324597,119763532.5,CACGGAGGACGCGTGATG
CAAGGAGT,AGTGCC,ATG,8.078050757,119688040.5,CAAGGAGTAGTGCCATG
AAAGGAAA,ACCT,ATG,8.075057093,118865847.9,AAAGGAAAACCTATG
CCGGGTGA,CGGCGG,ATG,8.075046287,118862890.4,CCGGGTGACGGCGGATG
AGGGGAAC,CCATCATCG,ATG,8.074706866,118770029.9,AGGGGAACCCATCATCGATG
TCCGGAGT,GCCC,ATG,8.073497043,118439630.3,TCCGGAGTGCCCATG
TAAGGAGG,TCCCG,ATG,8.07198688,118028497.8,TAAGGAGGTCCCGATG
GAGGGAGA,AGCGACAAAGC,ATG,8.071450602,117882843.3,GAGGGAGAAGCGACAAAGCATG
TAAGGAGA,AGTGACG,ATG,8.066665704,116591181.7,TAAGGAGAAGTGACGATG
CAAGGAGC,ACGCGCAGC,ATG,8.066575482,116566963.2,CAAGGAGCACGCGCAGCATG
CCCGGAAG,AGAAAGC,ATG,8.065226925,116205564.5,CCCGGAAGAGAAAGCATG
CAAGGACA,GCCTCATC,ATG,8.060414685,114925045.6,CAAGGACAGCCTCATCATG
CAAGGAGT,GACAGAC,ATG,8.053778081,113182187.0,CAAGGAGTGACAGACATG
CAAGGATA,ACGAA,ATG,8.05350259,113110413.6,CAAGGATAACGAAATG
TCGGGAGT,ATCGAGA,ATG,8.049517464,112077249.4,TCGGGAGTATCGAGAATG
CAAGGAGA,GAGAA,ATG,8.048209483,111740210.0,CAAGGAGAGAGAAATG
AGGGGAAC,ACACTGAA,ATG,8.044308879,110741111.8,AGGGGAACACACTGAAATG
GCGGGAGG,GATGCG,GTG,8.044097441,110687210.1,GCGGGAGGGATGCGGTG
GCCGGAGG,ACCCCC,ATG,8.041632585,110060779.7,GCCGGAGGACCCCCATG
GAAGGAGC,AGCC,ATG,8.038563089,109285637.2,GAAGGAGCAGCCATG
AAGGGAAA,GGGTGC,ATG,8.038427006,109251398.7,AAGGGAAAGGGTGCATG
CGGGGAAA,CTGAC,ATG,8.035524018,108523556.6,CGGGGAAACTGACATG
AGAGGAGA,ACGCTC,GTG,8.03542825,108499628.3,AGAGGAGAACGCTCGTG
CAGGGAGG,TCTGTGGTGGAAC,ATG,8.035210424,108445222.4,CAGGGAGGTCTGTGGTGGAACATG
ACAGGAGA,AATATC,ATG,8.033842043,108104069.4,ACAGGAGAAATATCATG
CGAGGACT,ACCCCG,ATG,8.033395022,107992854.7,CGAGGACTACCCCGATG
AACGGAAG,TGATCCG,ATG,8.031646407,107558913.7,AACGGAAGTGATCCGATG
TCAGGAGT,AGAATCTG,ATG,8.031549434,107534899.6,TCAGGAGTAGAATCTGATG
CAGGGAGA,ACGTGATCTG,ATG,8.029756103,107091771.7,CAGGGAGAACGTGATCTGATG
AGGGGAGA,GCAAGCGATG,GTG,8.028359347,106747901.6,AGGGGAGAGCAAGCGATGGTG
CGCGGAGG,CGATC,ATG,8.026626839,106322906.1,CGCGGAGGCGATCATG
AAAGGAAA,GGATTCACG,ATG,8.026336373,106251818.9,AAAGGAAAGGATTCACGATG
ACAGGAGA,GAGACGCC,ATG,8.0263056,106244290.3,ACAGGAGAGAGACGCCATG
AGAGGAAA,AGACCG,ATG,8.026280275,106238095.2,AGAGGAAAAGACCGATG
TAAGGAGA,CGCGCCG,ATG,8.024844843,105887536.2,TAAGGAGACGCGCCGATG
TGAGGAAA,CGCTGA,ATG,8.024626695,105834361.7,TGAGGAAACGCTGAATG
ACAGGAGC,CTGAAAAC,ATG,8.023689937,105606326.8,ACAGGAGCCTGAAAACATG
GCCGGAGA,AGAAGC,ATG,8.023392308,105533977.8,GCCGGAGAAGAAGCATG
AATGGAGG,AAACATC,ATG,8.02195134,105184401.4,AATGGAGGAAACATCATG
AGAGGAAC,GCTATC,ATG,8.021269032,105019278.8,AGAGGAACGCTATCATG
CGAGGAGG,AGGGCCC,ATG,8.020768184,104898235.7,CGAGGAGGAGGGCCCATG
TGGGGAGG,AGTAGC,ATG,8.018401796,104328219.5,TGGGGAGGAGTAGCATG
TCAGGAGC,ATCCGGGC,ATG,8.015127915,103544709.7,TCAGGAGCATCCGGGCATG
AAAGGAGT,AGATCC,ATG,8.013232684,103093832.3,AAAGGAGTAGATCCATG
ACAGGAGG,CCGCA,ATG,8.011897851,102777453.1,ACAGGAGGCCGCAATG
AAGGGAAT,CGGCC,ATG,8.011890538,102775722.4,AAGGGAATCGGCCATG
ACGGGAAG,GCCCCG,ATG,8.011412115,102662566.0,ACGGGAAGGCCCCGATG
CACGGACG,AATGAGC,ATG,8.011162201,102603506.1,CACGGACGAATGAGCATG
AGCGGAAG,AGGGCCAG,ATG,8.010020391,102334104.0,AGCGGAAGAGGGCCAGATG
GCCGGAGG,GCAGCGGA,ATG,8.007889562,101833240.1,GCCGGAGGGCAGCGGAATG
CAAGGATT,GAGCCGTC,ATG,8.00672188,101559810.0,CAAGGATTGAGCCGTCATG
CAAGGAGA,AGACGAC,ATG,8.005119587,101185804.0,CAAGGAGAAGACGACATG
CGGGGAGG,ATAGA,ATG,8.00455456,101054244.6,CGGGGAGGATAGAATG
ACGGGAGG,CAA,ATG,8.003908953,100904132.6,ACGGGAGGCAAATG
AAAGGAAA,AGAGC,ATG,8.000799505,100184262.4,AAAGGAAAAGAGCATG
GAAGGAGA,CAACC,ATG,7.997407008,99404720.42,GAAGGAGACAACCATG
AGGGGAGG,AAACGAC,ATG,7.994737935,98795675.61,AGGGGAGGAAACGACATG
GAAGGACG,AAACG,ATG,7.992158804,98210699.38,GAAGGACGAAACGATG
CAGGGAGC,TGCAGCACCC,ATG,7.991422321,98044293.5,CAGGGAGCTGCAGCACCCATG
GAAGGAGA,AACGGG,ATG,7.991346117,98027091.55,GAAGGAGAAACGGGATG
AAAGGTAA,GCTACCG,ATG,7.990715616,97884880.78,AAAGGTAAGCTACCGATG
GCGGGAGG,CGAAACAG,ATG,7.990302049,97791711.96,GCGGGAGGCGAAACAGATG
GAAGGATG,GCAAACCC,ATG,7.989987684,97720950.84,GAAGGATGGCAAACCCATG
TGAGGAAG,GTCGGATG,ATG,7.989873566,97695276.41,TGAGGAAGGTCGGATGATG
GGGGGACG,AAATAG,ATG,7.983054275,96173246.2,GGGGGACGAAATAGATG
GAGGGAAC,AGCCAGA,TTG,7.980953074,95709065.11,GAGGGAACAGCCAGATTG
AGAGGAAT,TTGCGCCC,ATG,7.979228619,95329786.2,AGAGGAATTTGCGCCCATG
ACAGGAAA,AAGGACGACCGAC,ATG,7.978792381,95234077.97,ACAGGAAAAAGGACGACCGACATG
GATGGAGC,GGG,ATG,7.978766894,95228489.08,GATGGAGCGGGATG
AAAGGAGT,ATTGCT,GTG,7.977820979,95021302.37,AAAGGAGTATTGCTGTG
TGCGGAGG,TGCCGCC,ATG,7.977322087,94912210.3,TGCGGAGGTGCCGCCATG
AAAGGATG,AAGGG,ATG,7.975289002,94468931.25,AAAGGATGAAGGGATG
AACGGAAG,ATGCCTT,ATG,7.970147308,93357090.46,AACGGAAGATGCCTTATG
AAAGGATC,GACAAG,ATG,7.966198532,92512098.46,AAAGGATCGACAAGATG
CAGGGAAT,CCAAAGCG,ATG,7.964301106,92108796.15,CAGGGAATCCAAAGCGATG
AAAGGAGT,GCAGCG,ATG,7.957106062,90595382.36,AAAGGAGTGCAGCGATG
AGGGGAGA,GACAGC,ATG,7.955558683,90273167.78,AGGGGAGAGACAGCATG
AGAGGAAC,AGAGAACC,ATG,7.953466883,89839408.31,AGAGGAACAGAGAACCATG
CAGGGAGG,AATGACG,ATG,7.952417423,89622576.09,CAGGGAGGAATGACGATG
GAAGGAGA,CACCCG,ATG,7.951913594,89518664.34,GAAGGAGACACCCGATG
AAAGGACC,AACGGAGGGCAGCG,ATG,7.949912026,89107041.73,AAAGGACCAACGGAGGGCAGCGATG
TGAGGAGA,CGTCTC,ATG,7.948610225,88840342.58,TGAGGAGACGTCTCATG
CAGGGAAA,ACGGGC,ATG,7.947098091,88531554.7,CAGGGAAAACGGGCATG
AGAGGAGA,ACC,ATG,7.94700618,88512820.51,AGAGGAGAACCATG
ACTGGAGA,AAAGCC,ATG,7.946181214,88344845.17,ACTGGAGAAAAGCCATG
CAAGGACC,CCGC,ATG,7.946115779,88331535.29,CAAGGACCCCGCATG
GAGGGACG,GTGCCGGC,ATG,7.945494073,88205176.43,GAGGGACGGTGCCGGCATG
ACAGGAGA,TGCAGGACCAG,ATG,7.944478693,87999193.66,ACAGGAGATGCAGGACCAGATG
GCAGGAGT,AGGATCCTTGG,ATG,7.942966454,87693308.27,GCAGGAGTAGGATCCTTGGATG
CAAGGAAT,AACCC,ATG,7.940769235,87250763.38,CAAGGAATAACCCATG
GCAGGAGG,CAGACCG,ATG,7.940580196,87212793.18,GCAGGAGGCAGACCGATG
TCAGGAGC,AGGACGAAA,ATG,7.93962992,87022172.3,TCAGGAGCAGGACGAAAATG
GAAGGTGG,TTCCGC,ATG,7.937954131,86687031.47,GAAGGTGGTTCCGCATG
ATGGGAGA,GACAGGCT,ATG,7.937213042,86539233.02,ATGGGAGAGACAGGCTATG
GAAGGAGA,GAAGGA,ATG,7.935924173,86282788.66,GAAGGAGAGAAGGAATG
CGAGGAAG,GCCG,ATG,7.935211599,86141335.1,CGAGGAAGGCCGATG
AAAGGAGC,TAAGGCC,ATG,7.931246379,85358422.33,AAAGGAGCTAAGGCCATG
AGGGGAAA,GCACCT,ATG,7.931040914,85318048.68,AGGGGAAAGCACCTATG
AAGGGAAA,GAGCC,ATG,7.930999182,85309850.7,AAGGGAAAGAGCCATG
TGAGGAGA,AAGCGACC,ATG,7.930857002,85281926.46,TGAGGAGAAAGCGACCATG
GCCGGAAG,TGCCCTCTC,ATG,7.929470564,85010107.18,GCCGGAAGTGCCCTCTCATG
AATGGAGA,AGAGATC,ATG,7.928533959,84826970.92,AATGGAGAAGAGATCATG
CCAGGAGT,ACGCCAGCC,ATG,7.926760286,84481241.21,CCAGGAGTACGCCAGCCATG
AAAGGAAA,CGCGCGTA,ATG,7.926323854,84396386.85,AAAGGAAACGCGCGTAATG
CGAGGAGA,AATGATG,ATG,7.924370297,84017604.93,CGAGGAGAAATGATGATG
AGGGGATG,CGCGTAAGCC,ATG,7.924243547,83993087.68,AGGGGATGCGCGTAAGCCATG
GCAGGAGC,TCCGGCC,ATG,7.922622105,83680083.51,GCAGGAGCTCCGGCCATG
TGAGGAGG,AGGGACCGCCC,ATG,7.918507995,82891117.56,TGAGGAGGAGGGACCGCCCATG
AAAGGACG,GTCCCCC,ATG,7.917632157,82724120.25,AAAGGACGGTCCCCCATG
GGGGGAGA,GAAGCCGG,ATG,7.915959808,82406184.77,GGGGGAGAGAAGCCGGATG
CCAGGAGG,GAG,ATG,7.915637689,82345086.26,CCAGGAGGGAGATG
CAAGGAGT,CCGAAGG,ATG,7.91509121,82241535.45,CAAGGAGTCCGAAGGATG
ACAGGAGC,ATGGCC,ATG,7.914787141,82183974.59,ACAGGAGCATGGCCATG
GGCGGAGT,AGCC,ATG,7.914347026,82100731.33,GGCGGAGTAGCCATG
CGCGGAGA,GGCAG,ATG,7.913041397,81854280.8,CGCGGAGAGGCAGATG
CCCGGAGA,TGTCCG,ATG,7.910825027,81437611.35,CCCGGAGATGTCCGATG
GGGGGAGC,AGGGTCTGGCG,ATG,7.908083648,80925175.19,GGGGGAGCAGGGTCTGGCGATG
CAAGGAGA,GACCGCC,ATG,7.907074442,80737340.93,CAAGGAGAGACCGCCATG
AGGGGAAG,GAAACC,ATG,7.906122232,80560514.63,AGGGGAAGGAAACCATG
AAAGGAGA,AAACCG,ATG,7.904211887,80206928.85,AAAGGAGAAAACCGATG
GAAGGACT,ACCGCC,ATG,7.903026731,79988348.64,GAAGGACTACCGCCATG
GGGGGAGG,GATAC,ATG,7.902538286,79898437.5,GGGGGAGGGATACATG
AAAGGAGA,GAATGTCGC,ATG,7.902089823,79815974.88,AAAGGAGAGAATGTCGCATG
CAGGGAGT,GAC,ATG,7.897703959,79013983.87,CAGGGAGTGACATG
GAAGGAGG,GGTCCG,ATG,7.89730278,78941028.47,GAAGGAGGGGTCCGATG
GGAGGAGA,ATTACG,ATG,7.896123402,78726945.48,GGAGGAGAATTACGATG
CCCGGAGA,TGAGCC,ATG,7.893925431,78329513.86,CCCGGAGATGAGCCATG
CGGGGAGG,GATGAAATC,ATG,7.891159905,77832307.28,CGGGGAGGGATGAAATCATG
TAAGGAAA,GCAGGC,GTG,7.890277859,77674391.43,TAAGGAAAGCAGGCGTG
CCTGGAGA,AGGAA,ATG,7.889855681,77598920.71,CCTGGAGAAGGAAATG
TCAGGAGC,GCCGGAGC,ATG,7.88819576,77302895.23,TCAGGAGCGCCGGAGCATG
GAAGGAAT,CCTCTGGG,ATG,7.885606467,76843381.32,GAAGGAATCCTCTGGGATG
AAAGGAAG,GAACCG,ATG,7.885381297,76803550.55,AAAGGAAGGAACCGATG
GAAGGAGC,ACAGAAA,ATG,7.885227464,76776350.5,GAAGGAGCACAGAAAATG
AAGGGAGA,AACTGACGCC,ATG,7.88320469,76419587.6,AAGGGAGAAACTGACGCCATG
TCAGGAGC,ATGGACG,ATG,7.882145568,76233448.78,TCAGGAGCATGGACGATG
AAGGGAGG,ACTGG,ATG,7.881077607,76046215.7,AAGGGAGGACTGGATG
AAGGGATT,AACTGAC,ATG,7.87591066,75146829.2,AAGGGATTAACTGACATG
GGAGGAGA,ACAGGC,ATG,7.87427829,74864907.04,GGAGGAGAACAGGCATG
GAAGGATG,ACCAACC,ATG,7.874103196,74834730.03,GAAGGATGACCAACCATG
GGGGGAAG,TGATCCGC,ATG,7.873637673,74754557.15,GGGGGAAGTGATCCGCATG
AAGGGACC,GTTCCC,ATG,7.872165722,74501620.92,AAGGGACCGTTCCCATG
GCAGGAGT,AGAAGACGC,ATG,7.871873719,74451545.78,GCAGGAGTAGAAGACGCATG
GAGGGAGA,GTCGCCG,ATG,7.868540257,73882274.45,GAGGGAGAGTCGCCGATG
CCTGGAGG,AGA,ATG,7.865069683,73294212.5,CCTGGAGGAGAATG
CGAGGACA,AACC,ATG,7.8641536,73139771.64,CGAGGACAAACCATG
CTAGGAGA,CCCGCATC,GTG,7.863423509,73016919.9,CTAGGAGACCCGCATCGTG
CCGGGAAG,GAGGC,ATG,7.863325956,73000520.46,CCGGGAAGGAGGCATG
AAGGGAAG,TGAATG,ATG,7.862312074,72830295.83,AAGGGAAGTGAATGATG
GCTGGAGT,TAGAAC,ATG,7.859659105,72386754.43,GCTGGAGTTAGAACATG
GCAGGAGC,CCGAC,ATG,7.858289118,72158769.33,GCAGGAGCCCGACATG
TGAGGACG,ATCGAAA,ATG,7.857851503,72086095.58,TGAGGACGATCGAAAATG
AAAGGATC,GGCTGAGGG,ATG,7.856698208,71894920.6,AAAGGATCGGCTGAGGGATG
TCAGGAGA,ACCCGAT,ATG,7.855469407,71691787.26,TCAGGAGAACCCGATATG
CGAGGAGG,GATGTATTG,ATG,7.854971109,71609577.07,CGAGGAGGGATGTATTGATG
CGGGGAGG,TTATGAA,ATG,7.85246067,71196832.02,CGGGGAGGTTATGAAATG
CCCGGAGG,AAGAATC,ATG,7.851239562,70996928.7,CCCGGAGGAAGAATCATG
ACAGGAGA,CATGT,ATG,7.848909228,70616994.19,ACAGGAGACATGTATG
CAAGGAAA,CGCCTGGTCGA,ATG,7.84743894,70378327.23,CAAGGAAACGCCTGGTCGAATG
GCAGGAGC,GGGATCTGAGTC,ATG,7.844606133,69920758.83,GCAGGAGCGGGATCTGAGTCATG
TAAGGAGG,AGCCCC,ATG,7.840748133,69302377.3,TAAGGAGGAGCCCCATG
TAAGGAGA,GCGGC,ATG,7.839967938,69177989.87,TAAGGAGAGCGGCATG
AAAGGATG,AAAGGAACTGGGA,ATG,7.839486108,69101282.57,AAAGGATGAAAGGAACTGGGAATG
GAGGGAGG,GGCGTGA,ATG,7.839467494,69098320.9,GAGGGAGGGGCGTGAATG
AACGGAGA,AGGATC,ATG,7.837866771,68844106.97,AACGGAGAAGGATCATG
AAAGGAAG,AGGACGC,ATG,7.83775679,68826675.02,AAAGGAAGAGGACGCATG
AAGGGAGA,AGGGCCC,ATG,7.837355321,68763079.95,AAGGGAGAAGGGCCCATG
GAAGGAGA,CCCGCGCC,ATG,7.835154914,68415564.37,GAAGGAGACCCGCGCCATG
GAAGGAGT,GACAAGCC,GTG,7.833550577,68163295.1,GAAGGAGTGACAAGCCGTG
GCCGGAGG,GACAGAAAGC,ATG,7.826608557,67082394.65,GCCGGAGGGACAGAAAGCATG
AGCGGAGA,CTGAGCCG,ATG,7.826296539,67034216.63,AGCGGAGACTGAGCCGATG
AGCGGAGC,GAGCACCCACGCC,ATG,7.822689968,66479840.45,AGCGGAGCGAGCACCCACGCCATG
GCAGGAGA,ATCAAC,ATG,7.822087093,66387619.06,GCAGGAGAATCAACATG
AGAGGATA,AGGCAGA,ATG,7.818376845,65822874.56,AGAGGATAAGGCAGAATG
TGAGGAGA,AGAAC,ATG,7.817684896,65718084.37,TGAGGAGAAGAACATG
AAAGGACC,ATGGC,ATG,7.814880445,65295077.94,AAAGGACCATGGCATG
CAGGGAGA,AAGAAC,ATG,7.813837072,65138397.74,CAGGGAGAAAGAACATG
TGGGGAGA,AAGGCGGATGGAG,ATG,7.813381706,65070134.67,TGGGGAGAAAGGCGGATGGAGATG
GAGGGAAG,AGGCAG,ATG,7.812748507,64975331.91,GAGGGAAGAGGCAGATG
GACGGAGG,TTACCCA,ATG,7.811147776,64736285.43,GACGGAGGTTACCCAATG
AAGGGAAC,CCATGCCGCTGCC,ATG,7.810203785,64595726.2,AAGGGAACCCATGCCGCTGCCATG
AGCGGAAA,ATCCGACC,ATG,7.808905281,64402878.86,AGCGGAAAATCCGACCATG
GAGGGACG,ATGCAGC,ATG,7.807133478,64140667.91,GAGGGACGATGCAGCATG
CAGGGAGA,CGCCTC,ATG,7.805848806,63951215.84,CAGGGAGACGCCTCATG
CAAGGAGA,AATTCC,ATG,7.805459116,63893858.59,CAAGGAGAAATTCCATG
CCCGGAGA,GCCTGAG,ATG,7.805227726,63859825.31,CCCGGAGAGCCTGAGATG
AAGGGACG,ACCG,ATG,7.804775014,63793292.01,AAGGGACGACCGATG
CAGGGAGC,AAGGGA,ATG,7.804304704,63724245.85,CAGGGAGCAAGGGAATG
GCAGGAAA,AGATCGC,ATG,7.80386321,63659498.12,GCAGGAAAAGATCGCATG
CAGGGAAG,CCG,ATG,7.803129634,63552060.26,CAGGGAAGCCGATG
GGAGGAGG,AGCC,ATG,7.801212098,63272078.01,GGAGGAGGAGCCATG
AGAGGATG,AGGG,ATG,7.801194464,63269508.97,AGAGGATGAGGGATG
GAAGGAAG,AAGGATAAGACG,ATG,7.796339204,62566117.24,GAAGGAAGAAGGATAAGACGATG
ACGGGACT,TGGCATAAA,ATG,7.795510453,62446838.02,ACGGGACTTGGCATAAAATG
TCAGGAGG,GAAC,ATG,7.789901122,61645463.4,TCAGGAGGGAACATG
CAAGGTGG,GGATGCG,ATG,7.785713219,61053872.96,CAAGGTGGGGATGCGATG
CGGGGACG,GATT,ATG,7.784552298,60890886.65,CGGGGACGGATTATG
GACGGAGG,ATG,ATC,7.775865461,59685036.06,GACGGAGGATGATC
GCAGGAGG,ACCTGCC,ATG,7.773502471,59361172.57,GCAGGAGGACCTGCCATG
TCTGGAGA,TTTGCATA,ATG,7.772865996,59274240.18,TCTGGAGATTTGCATAATG
GCAGGAGC,GACGCAGC,ATG,7.771312996,59062659.16,GCAGGAGCGACGCAGCATG
AAAGGAAG,GAAA,ATG,7.771074638,59030252.08,AAAGGAAGGAAAATG
AGAGGAAA,AAACGC,GTG,7.768809012,58723105.2,AGAGGAAAAAACGCGTG
GAGGGACG,TGATCC,ATG,7.76870592,58709167.15,GAGGGACGTGATCCATG
GAGGGAGA,AGGGCTACTG,ATG,7.767889829,58598949.25,GAGGGAGAAGGGCTACTGATG
CAAGGACA,AGCCGCTG,ATG,7.767371448,58529046.37,CAAGGACAAGCCGCTGATG
CATGGAGG,CACGA,ATG,7.766178074,58368438.34,CATGGAGGCACGAATG
AGGGGAGC,AGGGGCGC,ATG,7.762953004,57936599.85,AGGGGAGCAGGGGCGCATG
CAAGGAAA,ATACGAG,ATG,7.762774404,57912778.75,CAAGGAAAATACGAGATG
TGAGGAGG,ACCCC,ATG,7.762165294,57831611.44,TGAGGAGGACCCCATG
ACCGGAGG,GGGCCGCC,ATG,7.761016104,57678785.06,ACCGGAGGGGGCCGCCATG
GAAGGAAC,GGACGGCG,ATG,7.759996867,57543578.6,GAAGGAACGGACGGCGATG
CCAGGAAA,AGACGATC,ATG,7.75645433,57076105.28,CCAGGAAAAGACGATCATG
CAGGGAGA,AAC,ATG,7.756317889,57058176.57,CAGGGAGAAACATG
AAAGGAAC,GAGTG,ATG,7.754530452,56823823.42,AAAGGAACGAGTGATG
CCCGGAGG,GAGGGCAAGCA,ATG,7.753268733,56658977.54,CCCGGAGGGAGGGCAAGCAATG
CGAGGAAG,AATGAAAACTTTC,ATG,7.753078351,56634145.33,CGAGGAAGAATGAAAACTTTCATG
CGTGGAGG,AGGGAATTTTCAG,ATG,7.752861821,56605915.78,CGTGGAGGAGGGAATTTTCAGATG
CCAGGAGG,GATGCC,ATG,7.751316829,56404899.37,CCAGGAGGGATGCCATG
GAGGGAAG,GAATC,ATG,7.751138412,56381731.88,GAGGGAAGGAATCATG
GAAGGAGA,CGAGCC,ATG,7.747808225,55951047.94,GAAGGAGACGAGCCATG
AAGGGACC,GTAAAGACG,ATG,7.739898613,54941259.67,AAGGGACCGTAAAGACGATG
ACGGGAGA,GGTCGAA,ATG,7.738793825,54801674.01,ACGGGAGAGGTCGAAATG
CATGGAAA,CAGAACC,ATG,7.738271104,54735753.88,CATGGAAACAGAACCATG
AAGGGAAT,CCTTCCG,ATG,7.737732459,54667908.55,AAGGGAATCCTTCCGATG
GATGGAGG,CCACC,ATG,7.737317651,54615718.51,GATGGAGGCCACCATG
GATGGAAA,AGCTTGCACC,ATG,7.736972385,54572316.01,GATGGAAAAGCTTGCACCATG
AGCGGAGG,ATCGCC,ATG,7.735288357,54361115.1,AGCGGAGGATCGCCATG
CGGGGACA,GCACACTG,ATG,7.734255796,54232021.89,CGGGGACAGCACACTGATG
GAGGGAGT,GAGGCCC,ATG,7.733981014,54197719.63,GAGGGAGTGAGGCCCATG
GACGGAGA,GCAGCCCA,ATG,7.733813926,54176871.94,GACGGAGAGCAGCCCAATG
GACGGAGG,GACC,GTG,7.733612716,54151777.4,GACGGAGGGACCGTG
GAAGGAAA,GGGAAC,ATG,7.730603857,53777902.24,GAAGGAAAGGGAACATG
ACAGGAGA,AATCC,ATG,7.727943957,53449538.13,ACAGGAGAAATCCATG
GAAGGATA,CGCCGC,ATG,7.727930562,53447889.58,GAAGGATACGCCGCATG
CAAGGAAG,TAAAGCTGAGCC,ATG,7.724946331,53081884.24,CAAGGAAGTAAAGCTGAGCCATG
GCCGGAAG,ACGATCCA,GTG,7.724221985,52993424.5,GCCGGAAGACGATCCAGTG
ACGGGAGT,AGGGAAGGTCC,ATG,7.722930889,52836116.49,ACGGGAGTAGGGAAGGTCCATG
AGAGGAGG,AGGCGAAGG,ATG,7.722347599,52765201.31,AGAGGAGGAGGCGAAGGATG
AAAGGAAC,TGATTCC,ATG,7.721168469,52622135.5,AAAGGAACTGATTCCATG
GGAGGAGC,GCGTCTTT,ATG,7.719870203,52465063.53,GGAGGAGCGCGTCTTTATG
AAAGGATG,AATGGA,ATG,7.716328639,52038963.69,AAAGGATGAATGGAATG
CGAGGAGA,GGGTGGCAGCG,ATG,7.71579594,51975172.63,CGAGGAGAGGGTGGCAGCGATG
TGAGGAGA,GAGC,ATG,7.713796556,51736441.69,TGAGGAGAGAGCATG
CGGGGAAA,GCA,ATG,7.713738385,51729512.45,CGGGGAAAGCAATG
AAAGGAAA,ACC,GTG,7.713571869,51709682.21,AAAGGAAAACCGTG
AACGGAGC,ACCGG,ATG,7.712870787,51626274.59,AACGGAGCACCGGATG
GGGGGAGG,GGCATC,ATG,7.712673236,51602796.3,GGGGGAGGGGCATCATG
GGGGGAGG,GACCAAGCCGGAC,ATG,7.712575829,51591223.63,GGGGGAGGGACCAAGCCGGACATG
CGGGGAAA,ACCGTCTG,ATG,7.711804116,51499630.89,CGGGGAAAACCGTCTGATG
AAAGGTGA,ACAGAC,ATG,7.71094901,51398330.16,AAAGGTGAACAGACATG
CAGGGATG,CACGACCCCG,ATG,7.709752149,51256877.91,CAGGGATGCACGACCCCGATG
CAAGGAGT,ACAACTG,ATG,7.709647238,51244497.35,CAAGGAGTACAACTGATG
CAAGGAAA,GTCCGCGC,ATG,7.709584385,51237081.58,CAAGGAAAGTCCGCGCATG
ACAGGAGG,AGCCCGGAC,ATG,7.708259366,51080997.11,ACAGGAGGAGCCCGGACATG
GCCGGAGA,AAG,ATG,7.708211762,51075398.27,GCCGGAGAAAGATG
CCAGGAAA,ATCAAACCC,GTG,7.707197529,50956258.11,CCAGGAAAATCAAACCCGTG
CGAGGTGA,GCAAGC,ATG,7.706333802,50855016.73,CGAGGTGAGCAAGCATG
GAAGGAGT,AAAGCG,ATG,7.706163998,50835136.91,GAAGGAGTAAAGCGATG
GAGGGAAT,GCGGGCGC,ATG,7.705276879,50731403.73,GAGGGAATGCGGGCGCATG
TAGGGAGA,GGAAGCC,ATG,7.703546722,50529700.2,TAGGGAGAGGAAGCCATG
CAAGGAAC,ACACCG,ATG,7.703203342,50489764.16,CAAGGAACACACCGATG
TCAGGAGA,CAC,ATG,7.702683066,50429314.6,TCAGGAGACACATG
TAAGGAGA,GGCCCAGACC,ATG,7.701811246,50328182.35,TAAGGAGAGGCCCAGACCATG
AAAGGAGG,CGGCGCG,ATG,7.701769769,50323376.04,AAAGGAGGCGGCGCGATG
CAAGGATG,GAAGCG,ATG,7.699744879,50089290.42,CAAGGATGGAAGCGATG
TCAGGAGG,TTCATGG,ATG,7.699436645,50053752.92,TCAGGAGGTTCATGGATG
AAGGGAAG,GTAAGCGTC,ATG,7.692331542,49241530.34,AAGGGAAGGTAAGCGTCATG
TAAGGAGC,AACACGCGC,ATG,7.69061523,49047314.18,TAAGGAGCAACACGCGCATG
GAAGGAGA,AGACCG,ATG,7.690247012,49005746.78,GAAGGAGAAGACCGATG
GACGGAGA,GCCAGAGC,ATG,7.687951395,48747393.02,GACGGAGAGCCAGAGCATG
GAGGGTGA,GGCAGAG,ATG,7.687885054,48739947.2,GAGGGTGAGGCAGAGATG
GGGGGAGA,CTG,ATG,7.687328959,48677577.73,GGGGGAGACTGATG
AATGGAGA,ACCGCC,TTG,7.686971949,48637578.94,AATGGAGAACCGCCTTG
ACAGGAGA,CCAGCCG,ATG,7.686734314,48610972.96,ACAGGAGACCAGCCGATG
GAAGGAGA,CAGACCC,ATG,7.683142996,48210651.0,GAAGGAGACAGACCCATG
GAGGGACA,ACAGGCAT,ATG,7.682850124,48178150.52,GAGGGACAACAGGCATATG
AACGGAGA,CCCGGACC,ATG,7.681779107,48059484.41,AACGGAGACCCGGACCATG
AGGGGAAG,ACCCCGC,ATG,7.681080624,47982251.63,AGGGGAAGACCCCGCATG
CAGGGAGG,GGAACCCCG,ATG,7.679009866,47754012.2,CAGGGAGGGGAACCCCGATG
GGAGGATA,TGATCCCG,ATG,7.676662215,47496566.43,GGAGGATATGATCCCGATG
CGGGGAGG,GCCCGCC,ATG,7.675387678,47357381.14,CGGGGAGGGCCCGCCATG
AAGGGAGG,AGCGAGGCGTCCTG,ATG,7.674310399,47240055.43,AAGGGAGGAGCGAGGCGTCCTGATG
GAGGGAAG,GGGGAAGGCC,ATG,7.672737918,47069319.29,GAGGGAAGGGGGAAGGCCATG
CGAGGACG,CGAC,ATG,7.672678512,47062881.3,CGAGGACGCGACATG
TAGGGAGT,TCG,ATG,7.671095174,46891613.21,TAGGGAGTTCGATG
CAGGGAAA,ATCGTCAC,ATG,7.670643371,46842856.51,CAGGGAAAATCGTCACATG
AGAGGATA,AGGCAAG,ATG,7.669199717,46687403.06,AGAGGATAAGGCAAGATG
ACAGGACG,TAACCCGCG,ATG,7.668223701,46582597.44,ACAGGACGTAACCCGCGATG
GGAGGAGG,TGGA,ATG,7.667424225,46496924.18,GGAGGAGGTGGAATG
GAAGGAGA,AAGCCGA,ATG,7.667315125,46485245.06,GAAGGAGAAAGCCGAATG
TCAGGAAG,AGCAGC,ATG,7.667102389,46462480.23,TCAGGAAGAGCAGCATG
AGAGGACC,GGGC,ATG,7.667065859,46458572.21,AGAGGACCGGGCATG
GGCGGAGC,AAAGC,ATG,7.666207465,46366836.36,GGCGGAGCAAAGCATG
GCTGGAGG,CCAGCC,ATG,7.665260505,46265845.7,GCTGGAGGCCAGCCATG
CGAGGAGC,GCGTG,ATG,7.664341492,46168045.79,CGAGGAGCGCGTGATG
AAGGGAAA,AAGGGGGCACGGCG,ATG,7.662969398,46022414.33,AAGGGAAAAAGGGGGCACGGCGATG
TCAGGACG,AGGCG,ATG,7.660576144,45769497.48,TCAGGACGAGGCGATG
AGGGGACA,ACCCAC,ATG,7.660527518,45764373.19,AGGGGACAACCCACATG
GCAGGAGG,GGGGAGCGTTTCTG,ATG,7.660218394,45731810.39,GCAGGAGGGGGGAGCGTTTCTGATG
GCAGGAAA,AAGCGAT,ATG,7.659957668,45704363.77,GCAGGAAAAAGCGATATG
CCGGGAAA,CCGCCG,ATG,7.658998229,45603505.6,CCGGGAAACCGCCGATG
GCAGGAAC,TTGACCA,ATG,7.658853403,45588300.57,GCAGGAACTTGACCAATG
GCAGGAAA,TGGGCCG,ATG,7.654857533,45170774.08,GCAGGAAATGGGCCGATG
CGAGGACG,AGAGAAACG,ATG,7.654069601,45088895.97,CGAGGACGAGAGAAACGATG
CGAGGACC,AGAC,ATG,7.647898531,44452739.55,CGAGGACCAGACATG
GAAGGAGT,AGACC,ATG,7.646472649,44307030.97,GAAGGAGTAGACCATG
AAGGGAAA,AGGCCC,ATG,7.642969121,43951036.42,AAGGGAAAAGGCCCATG
GGAGGAGG,GAGGCAGGG,ATG,7.642415473,43895042.41,GGAGGAGGGAGGCAGGGATG
AATGGAAG,AGGGGCAAGCC,ATG,7.641861342,43839070.93,AATGGAAGAGGGGCAAGCCATG
AAAGGACA,ATCCGGGGCGC,ATG,7.641041473,43756388.85,AAAGGACAATCCGGGGCGCATG
CCCGGAGG,CGGACA,ATG,7.639714132,43622859.71,CCCGGAGGCGGACAATG
GCAGGAGA,GGATGGTGCTGGT,ATG,7.639022103,43553403.97,GCAGGAGAGGATGGTGCTGGTATG
AGCGGAGG,ATGCG,ATG,7.636503829,43301588.5,AGCGGAGGATGCGATG
AAAGGAGC,TAAGCCC,ATG,7.636004098,43251791.23,AAAGGAGCTAAGCCCATG
CGCGGAGT,GGACCACC,ATG,7.635443786,43196025.21,CGCGGAGTGGACCACCATG
CACGGAGC,CCCCCG,ATG,7.634698226,43121933.52,CACGGAGCCCCCCGATG
ACGGGAAG,CCCGTG,ATG,7.634307773,43083182.18,ACGGGAAGCCCGTGATG
ACAGGACA,AGC,ATG,7.631213587,42777321.43,ACAGGACAAGCATG
AAGGGAGA,GCATG,ATG,7.629832728,42641524.96,AAGGGAGAGCATGATG
CGAGGACA,AGCCCC,ATG,7.626957175,42360119.35,CGAGGACAAGCCCCATG
GGGGGACG,ACC,ATG,7.626809778,42345744.96,GGGGGACGACCATG
CAAGGATC,CGC,ATG,7.626727801,42337752.6,CAAGGATCCGCATG
CAAGGAGA,CGGACCT,GTG,7.625615968,42229502.79,CAAGGAGACGGACCTGTG
CCGGGAGT,ATCCG,ATG,7.620430669,41728297.75,CCGGGAGTATCCGATG
GGGGGACG,ACGCACC,ATG,7.620165024,41702781.66,GGGGGACGACGCACCATG
GAAGGAGA,GCGCAGCC,ATG,7.618419934,41535546.95,GAAGGAGAGCGCAGCCATG
GGAGGAGA,AATT,ATG,7.617207969,41419797.3,GGAGGAGAAATTATG
GGAGGAAG,AGAT,ATG,7.617130012,41412363.03,GGAGGAAGAGATATG
CAAGGAAA,AGGCCCACGC,ATG,7.615741269,41280150.24,CAAGGAAAAGGCCCACGCATG
GGGGGACG,AGCCCT,ATG,7.615587805,41265565.84,GGGGGACGAGCCCTATG
AGGGGACG,ACTGAGCC,ATG,7.613825196,41098426.66,AGGGGACGACTGAGCCATG
GCGGGACA,GACAC,ATG,7.613772497,41093439.87,GCGGGACAGACACATG
AAAGGAGC,CATGAC,ATG,7.61176371,40903805.08,AAAGGAGCCATGACATG
CAAGGATG,ACTTTCC,ATG,7.611277495,40858036.79,CAAGGATGACTTTCCATG
AAGGGAAT,GCGCT,ATG,7.610933991,40825732.97,AAGGGAATGCGCTATG
AAAGGTGA,AGG,ATG,7.607808857,40533010.1,AAAGGTGAAGGATG
CAAGGAGG,GACAGGG,ATG,7.607598676,40513398.5,CAAGGAGGGACAGGGATG
AACGGAAA,CCGCC,ATG,7.607132505,40469934.79,AACGGAAACCGCCATG
ATAGGAGA,ACCGCC,ATG,7.603500169,40132865.45,ATAGGAGAACCGCCATG
GATGGAGC,GGCTGAGCC,ATG,7.602635141,40053008.33,GATGGAGCGGCTGAGCCATG
GGGGGAAC,GCAAGA,ATG,7.599182111,39735813.7,GGGGGAACGCAAGAATG
CAAGGAGG,AAGGTC,ATG,7.598267335,39652204.32,CAAGGAGGAAGGTCATG
AGGGGACG,GGTCGA,ATG,7.596422342,39484109.0,AGGGGACGGGTCGAATG
AGAGGATA,AACACC,ATG,7.595425453,39393580.24,AGAGGATAAACACCATG
AAGGGAGT,GGCGCAGCC,ATG,7.594953932,39350833.15,AAGGGAGTGGCGCAGCCATG
CCCGGAGC,AAGGCAATCCC,ATG,7.593354397,39206168.02,CCCGGAGCAAGGCAATCCCATG
ACGGGAGA,TAGCAAAGCTCACC,ATG,7.593137234,39186568.4,ACGGGAGATAGCAAAGCTCACCATG
GGGGGAAC,GACCGAACC,ATG,7.59210119,39093197.18,GGGGGAACGACCGAACCATG
CAAGGAGC,GGACATGCCG,ATG,7.589159366,38829282.57,CAAGGAGCGGACATGCCGATG
CAAGGAAA,TTTTACCG,ATG,7.5876897,38698105.14,CAAGGAAATTTTACCGATG
AAAGGACG,AAACTGA,ATG,7.585466394,38500502.18,AAAGGACGAAACTGAATG
TGAGGAGG,GACAGCGCC,ATG,7.585227472,38479327.35,TGAGGAGGGACAGCGCCATG
CAAGGAGT,CGATTTTC,ATG,7.584524662,38417107.42,CAAGGAGTCGATTTTCATG
GGGGGACA,ACG,ATG,7.583958272,38367037.98,GGGGGACAACGATG
GACGGAGG,GGGACCATC,ATG,7.58354145,38330232.15,GACGGAGGGGGACCATCATG
CAGGGAGG,CAGGAA,ATG,7.582265013,38217740.97,CAGGGAGGCAGGAAATG
AAGGGAAA,GCAACCTGAC,ATG,7.581123906,38117455.88,AAGGGAAAGCAACCTGACATG
GAAGGAGC,ACGGTC,ATG,7.580547653,38066912.42,GAAGGAGCACGGTCATG
ACCGGAGA,CAGGGCGC,ATG,7.57901953,37933204.26,ACCGGAGACAGGGCGCATG
AACGGAAT,TCC,ATG,7.57891205,37923817.66,AACGGAATTCCATG
TGAGGAGG,CGCGGGCCC,TTG,7.578635615,37899686.26,TGAGGAGGCGCGGGCCCTTG
AAAGGATC,AAGGCCCCAGCC,ATG,7.575689691,37643473.58,AAAGGATCAAGGCCCCAGCCATG
ACAGGAGA,CCGCCGA,ATG,7.574799108,37566359.32,ACAGGAGACCGCCGAATG
ACAGGAGC,AGAC,ATG,7.568598244,37033797.22,ACAGGAGCAGACATG
CGGGGAAG,AGAGAGTGCGG,ATG,7.567962739,36979645.12,CGGGGAAGAGAGAGTGCGGATG
GCTGGAGG,AAAGAACC,ATG,7.567294231,36922766.3,GCTGGAGGAAAGAACCATG
CAAGGAGG,TGGCC,ATG,7.566644915,36867604.05,CAAGGAGGTGGCCATG
CGCGGAAG,TGACCG,TTG,7.56220943,36492988.45,CGCGGAAGTGACCGTTG
GGGGGACG,ATTTC,ATG,7.56203291,36478158.81,GGGGGACGATTTCATG
GCAGGAGT,ACTGCC,ATG,7.560918487,36384673.93,GCAGGAGTACTGCCATG
TAAGGAGA,TTCCG,ATG,7.560573288,36355765.04,TAAGGAGATTCCGATG
AAAGGAAG,GGATGGGGTAGAA,ATG,7.558751342,36203565.36,AAAGGAAGGGATGGGGTAGAAATG
ACAGGAAA,GAGAGGCAAGA,ATG,7.557637383,36110822.67,ACAGGAAAGAGAGGCAAGAATG
ACAGGAGC,GGAATG,ATG,7.551345184,35591409.24,ACAGGAGCGGAATGATG
AGAGGAGA,TCGAGC,ATG,7.550681878,35537091.32,AGAGGAGATCGAGCATG
ACCGGAGC,GCAACC,ATG,7.548964393,35396831.85,ACCGGAGCGCAACCATG
GGCGGAGT,AGGGGAA,ATG,7.548753135,35379617.64,GGCGGAGTAGGGGAAATG
GACGGAAA,GATGACGAGA,ATG,7.548364095,35347938.83,GACGGAAAGATGACGAGAATG
GAAGGACT,TAGGAC,ATG,7.547034838,35239913.87,GAAGGACTTAGGACATG
GACGGAGA,ATGCCC,ATG,7.546565279,35201833.07,GACGGAGAATGCCCATG
AGAGGTGA,CTGTGAC,ATG,7.54173057,34812127.88,AGAGGTGACTGTGACATG
AGAGGAAG,GAGGGTTAGG,ATG,7.539508925,34634500.23,AGAGGAAGGAGGGTTAGGATG
CGCGGAAG,CCTTGA,ATG,7.53432314,34223398.98,CGCGGAAGCCTTGAATG
GGAGGACG,GACGAACC,ATG,7.533716269,34175609.51,GGAGGACGGACGAACCATG
AAGGGAGA,CGAAGGC,ATG,7.532368076,34069681.69,AAGGGAGACGAAGGCATG
CAAGGTCA,GCCG,ATG,7.531112024,33971288.85,CAAGGTCAGCCGATG
ACGGGAAA,GGGAGCCGGGCGA,ATG,7.529141785,33817522.26,ACGGGAAAGGGAGCCGGGCGAATG
TCCGGAGA,GGA,ATG,7.528978285,33804793.31,TCCGGAGAGGAATG
GACGGAGG,TGA,TTG,7.528841386,33794138.97,GACGGAGGTGATTG
GGAGGAAA,AAAGGCTAAGCC,ATG,7.526560627,33617129.46,GGAGGAAAAAAGGCTAAGCCATG
AAAGGAGG,ACATCCC,ATG,7.525461145,33532130.29,AAAGGAGGACATCCCATG
TGAGGAGG,CCCGAC,ATG,7.518549608,33002710.36,TGAGGAGGCCCGACATG
CGGGGAGA,GGATAGCG,ATG,7.515060933,32738662.49,CGGGGAGAGGATAGCGATG
GGAGGAGA,GGA,TTG,7.514949535,32730266.02,GGAGGAGAGGATTG
GAAGGAGC,CGCGCCCC,GTG,7.513473423,32619208.81,GAAGGAGCCGCGCCCCGTG
TAAGGAGC,AACGGCG,ATG,7.513135153,32593811.76,TAAGGAGCAACGGCGATG
GATGGAGA,GCTGAGCG,ATG,7.509614221,32330634.01,GATGGAGAGCTGAGCGATG
GAAGGAGC,AGACCTG,ATG,7.508097057,32217887.25,GAAGGAGCAGACCTGATG
AAAGGAGA,ATGCCC,ATG,7.505881536,32053948.6,AAAGGAGAATGCCCATG
GGAGGAGG,AGGGGGATCGAG,ATG,7.497274741,31424960.54,GGAGGAGGAGGGGGATCGAGATG
TAAGGAGA,AGACCAAAG,ATG,7.49537362,31287698.67,TAAGGAGAAGACCAAAGATG
ACAGGAGG,GAGAAC,ATG,7.492809937,31103548.36,ACAGGAGGGAGAACATG
AAAGGACC,ACAGACCC,ATG,7.492598999,31088444.97,AAAGGACCACAGACCCATG
GCCGGAGA,GAAGAT,ATG,7.491664701,31021636.27,GCCGGAGAGAAGATATG
AAGGGAGT,TCACGCC,ATG,7.490946116,30970350.21,AAGGGAGTTCACGCCATG
GGGGGAAA,CGAG,ATG,7.488133696,30770439.24,GGGGGAAACGAGATG
AAAGGACC,AGAATT,GTG,7.487976972,30759337.09,AAAGGACCAGAATTGTG
GAGGGATG,GCGCA,ATG,7.487650001,30736187.82,GAGGGATGGCGCAATG
CGAGGATG,TGATCC,ATG,7.486745541,30672243.32,CGAGGATGTGATCCATG
AGGGGAAA,AGGCCC,ATG,7.486663977,30666483.37,AGGGGAAAAGGCCCATG
CGAGGAGG,AAGC,ATG,7.485983566,30618475.7,CGAGGAGGAAGCATG
AAGGGAGC,GCCGCCGCGC,ATG,7.485562551,30588807.79,AAGGGAGCGCCGCCGCGCATG
GAAGGAGA,GAC,ATG,7.481566272,30308627.6,GAAGGAGAGACATG
GATGGACA,GAAGGCCG,ATG,7.480715431,30249307.1,GATGGACAGAAGGCCGATG
AGGGGAGG,GGCAACCTGTG,GTG,7.480641224,30244138.93,AGGGGAGGGGCAACCTGTGGTG
ACAGGAGA,GGGAAA,ATG,7.478358769,30085606.38,ACAGGAGAGGGAAAATG
AATGGAGC,ACGGTGTG,ATG,7.476278436,29941836.6,AATGGAGCACGGTGTGATG
AGCGGAGG,AGTTGAAC,ATG,7.473803465,29771688.41,AGCGGAGGAGTTGAACATG
AAAGGATG,GCGGGAACG,CTG,7.471847616,29637912.81,AAAGGATGGCGGGAACGCTG
CTGGGAGA,CGCAT,ATG,7.470058248,29516050.75,CTGGGAGACGCATATG
GAGGGAGC,TGCGAC,ATG,7.469355374,29468319.78,GAGGGAGCTGCGACATG
AGGGGAGG,ACAGGGACAAACAC,ATG,7.467280602,29327875.35,AGGGGAGGACAGGGACAAACACATG
CATGGAGT,TCACGCC,ATG,7.465085776,29180032.79,CATGGAGTTCACGCCATG
GCAGGAGG,AAAATG,ATG,7.461822838,28961619.16,GCAGGAGGAAAATGATG
CCCGGAGC,GAGAGCCG,ATG,7.459084872,28779607.84,CCCGGAGCGAGAGCCGATG
ATCGGAGA,GCAAGTG,ATG,7.458827297,28762544.04,ATCGGAGAGCAAGTGATG
AACGGAAG,GCCGCGGA,ATG,7.456210358,28589750.02,AACGGAAGGCCGCGGAATG
GAAGGACC,AAGTTTGCC,ATG,7.456196829,28588859.43,GAAGGACCAAGTTTGCCATG
AAAGGAGG,GCGGAG,ATG,7.453982769,28443482.52,AAAGGAGGGCGGAGATG
CAGGGAGG,AGC,ATG,7.453559016,28415742.97,CAGGGAGGAGCATG
AAAGGAAA,TGCGAACC,ATG,7.451817486,28302023.42,AAAGGAAATGCGAACCATG
TAAGGAAG,GACCGGC,ATG,7.4516918,28293833.92,TAAGGAAGGACCGGCATG
AACGGAGA,GACTGTC,ATG,7.450733044,28231440.86,AACGGAGAGACTGTCATG
TAAGGACG,GAGCTCGGACT,ATG,7.450352015,28206682.84,TAAGGACGGAGCTCGGACTATG
AGAGGACC,GAATAGCA,ATG,7.44908781,28124694.26,AGAGGACCGAATAGCAATG
GACGGAGA,TGAG,ATG,7.448848719,28109215.11,GACGGAGATGAGATG
CAAGGACC,TAGCGCC,ATG,7.448821022,28107422.49,CAAGGACCTAGCGCCATG
GAAGGTGG,TCAGATG,ATG,7.442919059,27728032.79,GAAGGTGGTCAGATGATG
AATGGAGG,AAGCGC,ATG,7.442080466,27674543.52,AATGGAGGAAGCGCATG
GAAGGAAC,AATAGCGAC,ATG,7.441096698,27611925.82,GAAGGAACAATAGCGACATG
CGAGGAAC,GAGTTTTC,ATG,7.440905062,27599744.52,CGAGGAACGAGTTTTCATG
CGGGGAAT,GAATTGCC,ATG,7.438775972,27464770.33,CGGGGAATGAATTGCCATG
GGAGGACG,CAGCGAAC,TTG,7.437218072,27366425.33,GGAGGACGCAGCGAACTTG
GAAGGAAG,ATACCC,ATG,7.436627519,27329237.74,GAAGGAAGATACCCATG
CAAGGAGA,AAGCGAC,ATG,7.434963113,27224700.64,CAAGGAGAAAGCGACATG
GGAGGAGA,CGA,ATG,7.431123065,26985039.94,GGAGGAGACGAATG
AAGGGTGA,GGCTG,ATG,7.430682545,26957681.95,AAGGGTGAGGCTGATG
GCGGGAGC,TGACC,ATG,7.430188702,26927045.38,GCGGGAGCTGACCATG
ACAGGAGC,AACTG,ATG,7.426811839,26718485.6,ACAGGAGCAACTGATG
GGGGGAGG,GCAGGA,ATG,7.426092174,26674247.37,GGGGGAGGGCAGGAATG
ACAGGAGG,AAGCCAG,ATG,7.425152289,26616582.26,ACAGGAGGAAGCCAGATG
ACCGGAGG,GGAATC,ATG,7.42183417,26413999.8,ACCGGAGGGGAATCATG
AACGGAGG,AGACA,ATG,7.42035981,26324480.53,AACGGAGGAGACAATG
GCAGGACG,AGAC,ATG,7.419788093,26289849.08,GCAGGACGAGACATG
GCAGGACC,CACGCCA,ATG,7.417442193,26148223.76,GCAGGACCCACGCCAATG
AGAGGAAA,AAAAAG,ATG,7.416586018,26096725.51,AGAGGAAAAAAAAGATG
GAAGGAAA,AGAACC,ATG,7.414482513,25970631.68,GAAGGAAAAGAACCATG
CCGGGACA,AGC,ATG,7.414117602,25948819.3,CCGGGACAAGCATG
GCCGGAGG,AGGCAAACC,ATG,7.412991295,25881610.38,GCCGGAGGAGGCAAACCATG
ACAGGAAA,CCCGCG,ATG,7.411983855,25821641.97,ACAGGAAACCCGCGATG
CAGGGAGT,CGGTTCC,ATG,7.409963768,25701813.51,CAGGGAGTCGGTTCCATG
ACGGGAGG,GCGCGC,GTG,7.40872129,25628387.97,ACGGGAGGGCGCGCGTG
AAGGGAAA,CAAGTCC,ATG,7.407583891,25561356.12,AAGGGAAACAAGTCCATG
ACAGGATG,GCCCATC,ATG,7.399207732,25073082.66,ACAGGATGGCCCATCATG
AAGGGAAA,GCTGGGGCTAGCG,ATG,7.398057875,25006785.83,AAGGGAAAGCTGGGGCTAGCGATG
ACAGGAGC,ACA,ATG,7.39615455,24897431.7,ACAGGAGCACAATG
GAAGGAAA,CCAGC,ATG,7.394867953,24823782.23,GAAGGAAACCAGCATG
AGGGGAGG,TAAGGCC,ATG,7.392344185,24679944.85,AGGGGAGGTAAGGCCATG
ACAGGAGT,CGCG,ATG,7.388755212,24476832.3,ACAGGAGTCGCGATG
GGTGGAGG,TGACGGGG,ATG,7.388104422,24440181.22,GGTGGAGGTGACGGGGATG
ACGGGAGG,AACGAT,ATG,7.386667059,24359426.5,ACGGGAGGAACGATATG
CATGGACG,GCGCTGGC,ATG,7.384995418,24265844.92,CATGGACGGCGCTGGCATG
AAGGGAAG,AAATC,ATG,7.382355732,24118801.99,AAGGGAAGAAATCATG
CGGGGACG,GCAGCCGACCG,ATG,7.381722528,24083662.24,CGGGGACGGCAGCCGACCGATG
AAAGGACA,ACAGACTTC,ATG,7.381358474,24063482.21,AAAGGACAACAGACTTCATG
CCGGGAAT,CGACGCCC,ATG,7.379921702,23984004.8,CCGGGAATCGACGCCCATG
AGGGGATG,GCC,ATG,7.379897062,23982644.09,AGGGGATGGCCATG
GCAGGAGG,GGCACGACC,ATG,7.379310472,23950273.21,GCAGGAGGGGCACGACCATG
AACGGAGG,AGCGCC,ATG,7.37834151,23896896.92,AACGGAGGAGCGCCATG
CAAGGAAG,AGGCCGAATTCC,ATG,7.377915898,23873489.23,CAAGGAAGAGGCCGAATTCCATG
TGAGGAGG,GCGCGGGCGAC,GTG,7.374350425,23678294.89,TGAGGAGGGCGCGGGCGACGTG
CCAGGAAA,TAAAGACCCG,ATG,7.373537083,23633991.91,CCAGGAAATAAAGACCCGATG
AAAGGAAC,GAACGGGACC,ATG,7.373427483,23628028.35,AAAGGAACGAACGGGACCATG
CCCGGAGG,CGACGAGACCC,ATG,7.37339881,23626468.43,CCCGGAGGCGACGAGACCCATG
AAAGGAGA,GCCGCAGA,ATG,7.372811025,23594513.4,AAAGGAGAGCCGCAGAATG
AAAGGAGG,CAAGG,ATG,7.371091801,23501295.4,AAAGGAGGCAAGGATG
AAGGGAGC,GGCCGCG,ATG,7.370972608,23494846.29,AAGGGAGCGGCCGCGATG
CGAGGAAT,TTATG,ATG,7.367889681,23328653.95,CGAGGAATTTATGATG
CATGGAGG,ATAAGGATCGCCC,ATG,7.362954533,23065057.02,CATGGAGGATAAGGATCGCCCATG
CAGGGAAG,AGCCCC,ATG,7.357379915,22770885.28,CAGGGAAGAGCCCCATG
GGAGGACA,CATCCC,ATG,7.357371463,22770442.1,GGAGGACACATCCCATG
ACAGGAGG,GAATG,ATG,7.355790543,22687703.77,ACAGGAGGGAATGATG
AGGGGATA,GAGA,ATG,7.355374849,22665998.17,AGGGGATAGAGAATG
AAAGGAGA,AGCAGGC,ATG,7.355181049,22655885.93,AAAGGAGAAGCAGGCATG
GAAGGAGA,GGCCTTTTTGG,ATG,7.354974988,22645138.85,GAAGGAGAGGCCTTTTTGGATG
CCAGGAGA,GTCGTTCCT,GTG,7.35483464,22637821.97,CCAGGAGAGTCGTTCCTGTG
GAGGGAGA,GGTGGATC,ATG,7.352361101,22509253.97,GAGGGAGAGGTGGATCATG
CGCGGAAG,GGGAAAGCC,ATG,7.352219144,22501897.59,CGCGGAAGGGGAAAGCCATG
ATAGGAGG,GCGCGTC,ATG,7.351505332,22464943.56,ATAGGAGGGCGCGTCATG
GAAGGAAG,CAAGGG,ATG,7.35011769,22393278.94,GAAGGAAGCAAGGGATG
ATCGGAGA,GAAACC,ATG,7.3476611,22266968.75,ATCGGAGAGAAACCATG
CGCGGAGA,GCGCGC,ATG,7.347502652,22258846.35,CGCGGAGAGCGCGCATG
AGGGGAGG,AACACG,ATG,7.346370467,22200894.17,AGGGGAGGAACACGATG
GGAGGAGG,AAATC,ATG,7.343492441,22054257.49,GGAGGAGGAAATCATG
GCCGGAGA,AGTGATTCC,ATG,7.342108988,21984115.03,GCCGGAGAAGTGATTCCATG
AAAGGATC,GAGTTC,ATG,7.342006337,21978919.43,AAAGGATCGAGTTCATG
TGAGGAGG,TGATCCT,ATG,7.341983188,21977747.92,TGAGGAGGTGATCCTATG
GATGGAGG,GTC,ATG,7.340841988,21920072.6,GATGGAGGGTCATG
AAAGGAAA,AAGGGCGC,ATG,7.337184639,21736250.93,AAAGGAAAAAGGGCGCATG
CCAGGAGA,AAACGACC,ATG,7.336627593,21708388.89,CCAGGAGAAAACGACCATG
AAAGGAAT,GCAAGTC,ATG,7.335425125,21648366.17,AAAGGAATGCAAGTCATG
ACAGGATA,GTTCTGGCG,ATG,7.335340689,21644157.67,ACAGGATAGTTCTGGCGATG
AGCGGAGG,AGCGCATC,ATG,7.334845897,21619512.52,AGCGGAGGAGCGCATCATG
CAAGGAAA,CCC,ATG,7.334387801,21596720.18,CAAGGAAACCCATG
AAGGGAAA,GAGGCTCCG,ATG,7.333221033,21538776.68,AAGGGAAAGAGGCTCCGATG
GAAGGAAC,GACC,ATG,7.330795475,21418816.74,GAAGGAACGACCATG
GAGGGACA,AAGGGGGGCGC,ATG,7.329196196,21340087.53,GAGGGACAAAGGGGGGCGCATG
TCAGGAGG,GGCGTTTATCC,ATG,7.328789782,21320126.73,TCAGGAGGGGCGTTTATCCATG
ACAGGAGA,ATCCTGC,ATG,7.326723486,21218930.28,ACAGGAGAATCCTGCATG
AAAGGAGG,GCCCCG,ATG,7.32644544,21205349.75,AAAGGAGGGCCCCGATG
CGGGGAAA,TGATCCGAACC,ATG,7.325666161,21167333.92,CGGGGAAATGATCCGAACCATG
GAGGGACG,CCCGAC,ATG,7.322020835,20990405.82,GAGGGACGCCCGACATG
AAAGGAAT,ACGCG,ATG,7.321651719,20972573.23,AAAGGAATACGCGATG
AAAGGTGA,ATAAAG,ATG,7.321522875,20966352.11,AAAGGTGAATAAAGATG
TCAGGAGT,TATGTCACCGCC,ATG,7.320441802,20914226.27,TCAGGAGTTATGTCACCGCCATG
CAAGGAAC,TTGGGAAA,ATG,7.320087054,20897149.7,CAAGGAACTTGGGAAAATG
CACGGAAA,GGCAGCC,ATG,7.312962048,20557109.43,CACGGAAAGGCAGCCATG
GCCGGAGT,TCCGAC,ATG,7.309903968,20412865.23,GCCGGAGTTCCGACATG
GAGGGAGA,GAGCAAT,ATG,7.308874844,20364551.21,GAGGGAGAGAGCAATATG
AAAGGATT,AGCATGCGA,ATG,7.30746589,20298590.88,AAAGGATTAGCATGCGAATG
CGAGGTGG,GCGCTGAA,ATG,7.307213146,20286781.26,CGAGGTGGGCGCTGAAATG
TGGGGAAA,AGCCG,ATG,7.305393201,20201945.75,TGGGGAAAAGCCGATG
AACGGAGA,GCTGAC,ATG,7.305375642,20201128.98,AACGGAGAGCTGACATG
GAAGGAAC,GATTTC,ATG,7.304788099,20173818.04,GAAGGAACGATTTCATG
GGAGGAGA,GCCC,ATG,7.304776037,20173257.72,GGAGGAGAGCCCATG
AACGGAGG,GCATGC,ATG,7.300778683,19988429.95,AACGGAGGGCATGCATG
CCGGGAGC,ACACGGCC,ATG,7.299955156,19950562.99,CCGGGAGCACACGGCCATG
CGCGGAGG,TAAGGACG,ATG,7.297088264,19819297.84,CGCGGAGGTAAGGACGATG
AAAGGATG,GACGACC,ATG,7.296118767,19775103.56,AAAGGATGGACGACCATG
AAAGGACG,TTTGTC,ATG,7.295641303,19753374.75,AAAGGACGTTTGTCATG
AAAGGAAA,GAATCC,ATG,7.29530698,19738174.31,AAAGGAAAGAATCCATG
AGAGGTGA,GACGACCTC,TTG,7.29354115,19658082.36,AGAGGTGAGACGACCTCTTG
GGGGGAAA,AAGCCG,ATG,7.293160049,19640839.59,GGGGGAAAAAGCCGATG
CGAGGAGG,GAAGCGATC,ATG,7.291536878,19567569.18,CGAGGAGGGAAGCGATCATG
GCTGGAGG,ACCACG,ATG,7.290629723,19526739.08,GCTGGAGGACCACGATG
GAAGGAGA,ACGATG,ATG,7.29033261,19513384.87,GAAGGAGAACGATGATG
GCAGGAAC,GAGGGATGAC,ATG,7.286417416,19338260.92,GCAGGAACGAGGGATGACATG
AATGGAGG,GATGA,ATG,7.282980823,19185840.19,AATGGAGGGATGAATG
CAAGGTGA,CTGCCC,ATG,7.282288432,19155276.8,CAAGGTGACTGCCCATG
AAGGGAAA,GAAAG,ATG,7.281772215,19132521.73,AAGGGAAAGAAAGATG
AAGGGAGC,CAGATGCGC,ATG,7.281673964,19128193.83,AAGGGAGCCAGATGCGCATG
TGAGGAGG,TAGCCC,ATG,7.280375436,19071086.49,TGAGGAGGTAGCCCATG
TCGGGAAG,GGGGTGGCGG,ATG,7.279997593,19054501.59,TCGGGAAGGGGGTGGCGGATG
CAAGGAAA,GGATC,ATG,7.276781262,18913907.57,CAAGGAAAGGATCATG
CCGGGAAA,ACCCGTC,ATG,7.275047374,18838545.75,CCGGGAAAACCCGTCATG
CAGGGAGA,GGACGG,ATG,7.271589497,18689147.73,CAGGGAGAGGACGGATG
GCCGGAAA,TTTCC,ATG,7.265875142,18444850.59,GCCGGAAATTTCCATG
ACAGGAGA,AAACCCC,ATG,7.265517818,18429680.98,ACAGGAGAAAACCCCATG
AAGGGAGC,AGGAA,ATG,7.264273975,18376972.92,AAGGGAGCAGGAAATG
AGGGGAAA,GGGCGT,ATG,7.261709261,18268768.03,AGGGGAAAGGGCGTATG
ACGGGAAA,AACCAGC,ATG,7.261621207,18265064.36,ACGGGAAAAACCAGCATG
GACGGAGG,GAACCGCGC,ATG,7.260075247,18200161.7,GACGGAGGGAACCGCGCATG
GGGGGACG,GGGGCG,ATG,7.259455921,18174225.85,GGGGGACGGGGGCGATG
AAGGGAGC,CAAGGGGACGG,ATG,7.257101224,18075953.84,AAGGGAGCCAAGGGGACGGATG
GAGGGAGG,AGGCGCC,ATG,7.255604589,18013768.98,GAGGGAGGAGGCGCCATG
GACGGAGA,AGAACG,ATG,7.253311888,17918922.36,GACGGAGAAGAACGATG
CGAGGAGG,ACGAGAG,ATG,7.251629929,17849659.22,CGAGGAGGACGAGAGATG
CAGGGAGT,AAGAAGCA,ATG,7.251474573,17843275.18,CAGGGAGTAAGAAGCAATG
CAAGGAGT,GATTC,ATG,7.249200333,17750080.73,CAAGGAGTGATTCATG
ACAGGAGC,GACCCAT,ATG,7.248152172,17707292.94,ACAGGAGCGACCCATATG
GTAGGAGA,ACGCTCT,TTG,7.24743087,17677908.04,GTAGGAGAACGCTCTTTG
GACGGAGG,GGCTG,ATG,7.241149007,17424045.94,GACGGAGGGGCTGATG
CACGGAGA,GGCCTGAC,ATG,7.241092965,17421797.66,CACGGAGAGGCCTGACATG
CGCGGAAA,GCGAACCA,ATG,7.23737365,17273233.73,CGCGGAAAGCGAACCAATG
GAGGGAGG,AGAAACTGTT,ATG,7.237259065,17268676.96,GAGGGAGGAGAAACTGTTATG
CCAGGAGC,ATGGTGGCACT,ATG,7.237223054,17267245.12,CCAGGAGCATGGTGGCACTATG
AACGGTGA,AACAGAC,ATG,7.236746702,17248316.09,AACGGTGAAACAGACATG
TAAGGAAC,TTGTGGGT,ATG,7.236704947,17246657.82,TAAGGAACTTGTGGGTATG
GACGGAGA,AGCGTA,ATG,7.235732506,17208083.54,GACGGAGAAGCGTAATG
ACAGGAAT,GACC,ATG,7.230943391,17019366.51,ACAGGAATGACCATG
GACGGACG,CAGACA,ATG,7.225940964,16824453.43,GACGGACGCAGACAATG
GAAGGAGC,GTGTGAC,ATG,7.224480783,16767981.36,GAAGGAGCGTGTGACATG
GAAGGAGA,AAATCCG,ATG,7.223544975,16731888.99,GAAGGAGAAAATCCGATG
CAGGGAAC,GCCCACC,ATG,7.222747872,16701207.5,CAGGGAACGCCCACCATG
GGAGGAGG,GATGAGGAC,ATG,7.22216931,16678973.16,GGAGGAGGGATGAGGACATG
CAAGGACC,GGCACCC,ATG,7.221832152,16666029.73,CAAGGACCGGCACCCATG
CAGGGACG,GTACAC,GTG,7.221017747,16634806.27,CAGGGACGGTACACGTG
AGGGGAGG,ACGCGCG,ATG,7.219414025,16573492.08,AGGGGAGGACGCGCGATG
CCCGGAGC,TGACAAAG,ATG,7.218450879,16536777.35,CCCGGAGCTGACAAAGATG
TCAGGAGT,GCCGAG,ATG,7.216249174,16453154.43,TCAGGAGTGCCGAGATG
CGAGGACA,GACGAG,ATG,7.215460408,16423299.32,CGAGGACAGACGAGATG
GGAGGATA,GGAACCGGC,ATG,7.212685234,16318687.79,GGAGGATAGGAACCGGCATG
CATGGAGA,AGAAATC,ATG,7.21253965,16313218.39,CATGGAGAAGAAATCATG
GCAGGAGA,GCAGG,ATG,7.205552939,16052879.24,GCAGGAGAGCAGGATG
ATCGGAGA,GAGAGTGC,ATG,7.199764393,15840336.13,ATCGGAGAGAGAGTGCATG
GCAGGAGG,CAGGTTTCACG,ATG,7.199581204,15833655.97,GCAGGAGGCAGGTTTCACGATG
GACGGAGG,GATACGCG,ATG,7.189706766,15477712.15,GACGGAGGGATACGCGATG
ATGGGAGG,CGAATG,ATG,7.189014787,15453070.54,ATGGGAGGCGAATGATG
GGAGGAGA,CGGACC,ATG,7.187386968,15395257.87,GGAGGAGACGGACCATG
AGGGGAGG,AAGCACGATC,ATG,7.187283331,15391584.49,AGGGGAGGAAGCACGATCATG
AGAGGAAC,GCCG,ATG,7.184876298,15306514.18,AGAGGAACGCCGATG
ACAGGACA,CCTGAC,ATG,7.184359528,15288311.69,ACAGGACACCTGACATG
GAAGGAGG,GAGTTGA,ATG,7.182168085,15211361.41,GAAGGAGGGAGTTGAATG
CGAGGAAG,GAGCCGCC,ATG,7.179167232,15106617.45,CGAGGAAGGAGCCGCCATG
ACAGGTGA,CCGCC,ATG,7.179101742,15104339.6,ACAGGTGACCGCCATG
AAAGGAGT,TGCCA,ATG,7.176863981,15026712.62,AAAGGAGTTGCCAATG
GGAGGAGA,AAAAACTC,TTG,7.175588856,14982657.64,GGAGGAGAAAAAACTCTTG
AAAGGAGC,AGGTTC,ATG,7.174030015,14928975.83,AAAGGAGCAGGTTCATG
GACGGAGA,GCCGCGGA,ATG,7.172224024,14867023.37,GACGGAGAGCCGCGGAATG
GCAGGACA,TCCGCC,ATG,7.172215175,14866720.43,GCAGGACATCCGCCATG
AAGGGAAG,GAACG,ATG,7.172211977,14866610.97,AAGGGAAGGAACGATG
CAAGGTGA,GGTCCATGAC,ATG,7.171893366,14855708.41,CAAGGTGAGGTCCATGACATG
CAAGGAGA,ACGCCGC,ATG,7.167781418,14715716.67,CAAGGAGAACGCCGCATG
ACCGGAGT,AAAGAGGCTGCG,ATG,7.166029478,14656473.19,ACCGGAGTAAAGAGGCTGCGATG
AACGGAGT,ATGAGGCAGAAA,TTG,7.165014519,14622260.57,AACGGAGTATGAGGCAGAAATTG
TGAGGAGA,AGCG,ATG,7.164856308,14616934.75,TGAGGAGAAGCGATG
AAGGGAGG,AAAC,ATG,7.162097586,14524379.43,AAGGGAGGAAACATG
TAAGGACA,AAGCGAC,ATG,7.161021067,14488421.32,TAAGGACAAAGCGACATG
CAAGGATG,GTGAGCG,ATG,7.160694234,14477522.03,CAAGGATGGTGAGCGATG
ACCGGAGG,AAGCCAACCC,ATG,7.158997608,14421074.1,ACCGGAGGAAGCCAACCCATG
TAGGGAGG,GAACGCGCGAA,ATG,7.155767762,14314222.45,TAGGGAGGGAACGCGCGAAATG
AGCGGAAG,ATCTCG,ATG,7.154476536,14271727.21,AGCGGAAGATCTCGATG
CAAGGAGA,GACGC,ATG,7.152599058,14210162.95,CAAGGAGAGACGCATG
AAGGGAGA,GCCAG,ATG,7.151568017,14176467.18,AAGGGAGAGCCAGATG
CAGGGAGT,TGCGCG,ATG,7.151079143,14160518.09,CAGGGAGTTGCGCGATG
ACAGGAGA,GCC,ATG,7.14919807,14099316.85,ACAGGAGAGCCATG
AAAGGAAG,GCCATGTG,ATG,7.147717907,14051345.33,AAAGGAAGGCCATGTGATG
GGCGGAGT,GGACAG,ATG,7.146494145,14011806.93,GGCGGAGTGGACAGATG
GGCGGAGG,CTGGGGAA,TTG,7.142448363,13881882.47,GGCGGAGGCTGGGGAATTG
CGAGGAGG,AAAGGCGTT,ATG,7.141945648,13865822.86,CGAGGAGGAAAGGCGTTATG
TGGGGAAA,GACTTTGGC,ATG,7.140737299,13827297.26,TGGGGAAAGACTTTGGCATG
AGCGGACA,GGCTGAGCC,ATG,7.140255273,13811958.77,AGCGGACAGGCTGAGCCATG
GAAGGAGG,CTTGAA,GTG,7.139270826,13780685.64,GAAGGAGGCTTGAAGTG
AGGGGAAC,GCCGGAT,GTG,7.135083866,13648466.74,AGGGGAACGCCGGATGTG
AGAGGAGT,GGCGGCGCTG,ATG,7.131561952,13538231.99,AGAGGAGTGGCGGCGCTGATG
GAGGGACG,GGGCGA,ATG,7.12858234,13445666.66,GAGGGACGGGGCGAATG
GCAGGAGG,CGGCAG,ATG,7.128209839,13434139.06,GCAGGAGGCGGCAGATG
CGGGGAAT,GATCCGC,ATG,7.124859124,13330889.37,CGGGGAATGATCCGCATG
AAGGGAAA,CAAACTC,ATG,7.124758209,13327792.07,AAGGGAAACAAACTCATG
CAAGGAGT,AGGA,ATG,7.120694738,13203672.32,CAAGGAGTAGGAATG
AAAGGACA,GGCC,ATG,7.119609842,13170729.85,AAAGGACAGGCCATG
AGCGGAGA,GAGAATGTCC,ATG,7.118487826,13136746.7,AGCGGAGAGAGAATGTCCATG
CAAGGAGC,GGCAGCGC,ATG,7.117902277,13119046.66,CAAGGAGCGGCAGCGCATG
ACGGGAGC,TCGCC,ATG,7.117238426,13099008.57,ACGGGAGCTCGCCATG
GAGGGAGA,ACGACTG,ATG,7.117056635,13093526.6,GAGGGAGAACGACTGATG
TGAGGAGA,AGGAACCAGGATC,ATG,7.114469792,13015767.79,TGAGGAGAAGGAACCAGGATCATG
TCAGGAGA,GGCGCAGC,GTG,7.113817638,12996237.47,TCAGGAGAGGCGCAGCGTG
TCAGGAAT,GAATAGCCAGCC,ATG,7.111943466,12940273.8,TCAGGAATGAATAGCCAGCCATG
AAAGGACC,TTCAC,GTG,7.111332795,12922091.0,AAAGGACCTTCACGTG
AGCGGAGG,AGACGGC,ATG,7.106172585,12769461.56,AGCGGAGGAGACGGCATG
GAAGGAGC,AAG,ATG,7.105805083,12758660.55,GAAGGAGCAAGATG
CAGGGTGA,TGAGC,GTG,7.105456048,12748410.76,CAGGGTGATGAGCGTG
GCCGGAGA,GAACGCATG,ATG,7.100724722,12610279.78,GCCGGAGAGAACGCATGATG
TCGGGAAA,TATGGTC,ATG,7.099992249,12589029.44,TCGGGAAATATGGTCATG
GCAGGAGA,TGAGCCG,ATG,7.09884054,12555688.72,GCAGGAGATGAGCCGATG
ACGGGAGA,CGAAGCG,ATG,7.08935606,12284459.7,ACGGGAGACGAAGCGATG
ACAGGAGG,GCTCTGC,TTG,7.087515535,12232508.76,ACAGGAGGGCTCTGCTTG
GCAGGAGG,AATGACG,ATG,7.0844408,12146210.41,GCAGGAGGAATGACGATG
CGAGGAGG,ATGGCGC,ATG,7.083918678,12131616.63,CGAGGAGGATGGCGCATG
GGCGGAAA,GGCCAGG,ATG,7.082473474,12091313.28,GGCGGAAAGGCCAGGATG
CAAGGAGT,AAAACC,ATG,7.082013204,12078505.57,CAAGGAGTAAAACCATG
AAGGGACG,GGAT,ATG,7.081573727,12066289.12,AAGGGACGGGATATG
GAAGGAGG,GAAGCC,ATG,7.080389324,12033426.91,GAAGGAGGGAAGCCATG
AACGGAAT,AGCCCA,ATG,7.079162062,11999469.94,AACGGAATAGCCCAATG
AAGGGAAA,GGCTAGGAC,ATG,7.077265425,11947180.49,AAGGGAAAGGCTAGGACATG
AAAGGAAG,AGAGCCCC,ATG,7.076306781,11920837.85,AAAGGAAGAGAGCCCCATG
GAGGGATG,GAAGGGGACGC,ATG,7.075990557,11912161.08,GAGGGATGGAAGGGGACGCATG
GAAGGAGA,GCCCGAGC,ATG,7.075222088,11891101.54,GAAGGAGAGCCCGAGCATG
AGGGGAGG,GAGGTCGTGCA,ATG,7.073195718,11835748.21,AGGGGAGGGAGGTCGTGCAATG
AAAGGAAA,ACGAAAGT,ATG,7.066652586,11658766.0,AAAGGAAAACGAAAGTATG
CAAGGAGG,GCGGCCG,ATG,7.06526669,11621620.5,CAAGGAGGGCGGCCGATG
GAAGGAGA,GCGTG,ATG,7.062660077,11552077.06,GAAGGAGAGCGTGATG
GCGGGACG,TTCCAG,GTG,7.059874515,11478219.21,GCGGGACGTTCCAGGTG
GAGGGAGG,AACCGCGACG,ATG,7.059662545,11472618.32,GAGGGAGGAACCGCGACGATG
CGAGGAGG,AAG,ATG,7.058573149,11443876.16,CGAGGAGGAAGATG
GAAGGAAG,ATTTCAC,ATG,7.057309586,11410629.03,GAAGGAAGATTTCACATG
CAGGGAGG,GCTTCCC,ATG,7.054651606,11341006.67,CAGGGAGGGCTTCCCATG
GCAGGATA,AGAGCAG,ATG,7.052213927,11277528.34,GCAGGATAAGAGCAGATG
AAGGGAAG,AGCCC,ATG,7.050180426,11224846.89,AAGGGAAGAGCCCATG
TGGGGAGA,GACAATCGA,ATG,7.049916345,11218023.49,TGGGGAGAGACAATCGAATG
TGAGGAGC,CATCGC,ATG,7.048438462,11179913.97,TGAGGAGCCATCGCATG
CGAGGAAG,GGGTGC,ATG,7.044203662,11071428.57,CGAGGAAGGGGTGCATG
GACGGAAA,GCATCTGCC,ATG,7.041990738,11015158.19,GACGGAAAGCATCTGCCATG
CCGGGAAA,AAGACCG,ATG,7.038257511,10920876.89,CCGGGAAAAAGACCGATG
CGAGGAGG,AACGCC,ATG,7.031115939,10742761.63,CGAGGAGGAACGCCATG
CAAGGAGG,GGAC,ATG,7.030708007,10732675.7,CAAGGAGGGGACATG
CAAGGAAA,GCGCC,ATG,7.019312316,10454717.83,CAAGGAAAGCGCCATG
CAAGGAGA,GAAAAGAGTGTC,ATG,7.01833884,10431309.72,CAAGGAGAGAAAAGAGTGTCATG
AAAGGACG,AAGACG,ATG,7.011856422,10276764.92,AAAGGACGAAGACGATG
ACAGGAAT,AATCC,ATG,7.01093298,10254936.61,ACAGGAATAATCCATG
CAAGGAGT,ACCCC,ATG,7.010635885,10247923.73,CAAGGAGTACCCCATG
GAAGGAGG,AGCCGGC,ATG,7.009876316,10230016.07,GAAGGAGGAGCCGGCATG
CGAGGAGA,TATCGCGCC,ATG,7.003773976,10087277.68,CGAGGAGATATCGCGCCATG
AAAGGAGG,CCGAC,ATG,7.002131319,10049196.04,AAAGGAGGCCGACATG
AAAGGAAT,GCGACG,ATG,6.99939217,9986013.986,AAAGGAATGCGACGATG
AGGGGATA,AAGGCGAATGGGG,ATG,6.99872532,9970692.445,AGGGGATAAAGGCGAATGGGGATG
GCAGGAAG,TGGAAACGAC,ATG,6.998003533,9954135.158,GCAGGAAGTGGAAACGACATG
GACGGAAA,AGCCC,ATG,6.997761397,9948586.876,GACGGAAAAGCCCATG
ACAGGAAA,AACGGC,ATG,6.98725962,9710903.094,ACAGGAAAAACGGCATG
ACGGGAGA,AGCC,ATG,6.983442069,9625916.033,ACGGGAGAAGCCATG
GAAGGAGA,CCAGGGA,ATG,6.983315694,9623115.408,GAAGGAGACCAGGGAATG
GAGGGAAG,GGTGCCG,ATG,6.9816861,9587074.457,GAGGGAAGGGTGCCGATG
GCAGGAAC,GACGAGGA,ATG,6.981452741,9581924.429,GCAGGAACGACGAGGAATG
AAGGGACC,AGACGGTATA,ATG,6.978421909,9515287.379,AAGGGACCAGACGGTATAATG
CCGGGAGC,GACGGC,ATG,6.977185416,9488234.632,CCGGGAGCGACGGCATG
GCCGGAGG,GTCGAGTG,ATG,6.975481426,9451079.706,GCCGGAGGGTCGAGTGATG
ACCGGAGA,GGCCGGCTG,ATG,6.975255196,9446157.803,ACCGGAGAGGCCGGCTGATG
ACAGGAGG,CCCAACCCA,GTG,6.971284955,9360196.27,ACAGGAGGCCCAACCCAGTG
ACAGGAGG,GCACCC,ATG,6.96883418,9307524.331,ACAGGAGGGCACCCATG
GAAGGAAC,TTAAGGAAGTAGAC,ATG,6.963869846,9201737.627,GAAGGAACTTAAGGAAGTAGACATG
ACGGGAGT,GGAGAG,ATG,6.962002472,9162257.053,ACGGGAGTGGAGAGATG
TGAGGAGG,CTTCTG,ATG,6.96143338,9150258.854,TGAGGAGGCTTCTGATG
CCCGGAAG,GAATCGACGCAAT,ATG,6.959576779,9111225.161,CCCGGAAGGAATCGACGCAATATG
GGAGGAGA,AGCGG,ATG,6.956901123,9055264.136,GGAGGAGAAGCGGATG
CGAGGAGG,ACGACA,ATG,6.955349138,9022962.205,CGAGGAGGACGACAATG
GAGGGAGG,TAGCCAG,ATG,6.954567481,9006736.998,GAGGGAGGTAGCCAGATG
CAAGGAGG,GCGGGGCAGA,ATG,6.951364666,8940558.855,CAAGGAGGGCGGGGCAGAATG
AGCGGAGG,GGGCGATC,ATG,6.949197031,8896046.233,AGCGGAGGGGGCGATCATG
ACAGGAAA,CAATACGA,ATG,6.948225909,8876176.078,ACAGGAAACAATACGAATG
GAGGGACC,AGGGGAT,GTG,6.943985033,8789922.243,GAGGGACCAGGGGATGTG
GGGGGAGC,AATCCG,ATG,6.932587219,8562236.487,GGGGGAGCAATCCGATG
GCAGGAGA,GGGACTTG,ATG,6.927736101,8467127.536,GCAGGAGAGGGACTTGATG
AGCGGAAG,TAGCC,ATG,6.927600064,8464475.738,AGCGGAAGTAGCCATG
GGGGGAGG,AAGCCGCCG,ATG,6.927146949,8455649.042,GGGGGAGGAAGCCGCCGATG
ACGGGACG,CAAGACCA,ATG,6.925882858,8431073.162,ACGGGACGCAAGACCAATG
CCTGGAGA,GGCAGGG,GTG,6.92133226,8343192.416,CCTGGAGAGGCAGGGGTG
AAAGGTGC,GATGAG,ATG,6.920809326,8333152.423,AAAGGTGCGATGAGATG
AAGGGATG,ATGAGCG,ATG,6.919059286,8299640.593,AAGGGATGATGAGCGATG
TATGGAGA,GAACCGGAA,ATG,6.917681651,8273354.83,TATGGAGAGAACCGGAAATG
CCCGGAGG,GCTC,ATG,6.914401873,8211110.054,CCCGGAGGGCTCATG
AAAGGAGC,AAATGAG,ATG,6.908355941,8097592.941,AAAGGAGCAAATGAGATG
CCGGGACG,AGTCAAGGC,ATG,6.907036821,8073034.726,CCGGGACGAGTCAAGGCATG
AAAGGAGA,ATGCCATG,ATG,6.905196208,8038892.251,AAAGGAGAATGCCATGATG
AAAGGAGA,GACATGTTCAG,ATG,6.894441399,7842262.933,AAAGGAGAGACATGTTCAGATG
GACGGAGG,AAGCGGCC,ATG,6.891113691,7782402.548,GACGGAGGAAGCGGCCATG
AAAGGAGG,GTTCCTC,ATG,6.885947214,7690369.632,AAAGGAGGGTTCCTCATG
TGAGGAGA,GCAGG,ATG,6.884989229,7673424.587,TGAGGAGAGCAGGATG
GACGGAGA,GAGGCGGA,ATG,6.879970353,7585257.932,GACGGAGAGAGGCGGAATG
TCGGGAGC,TGAGGCCAC,ATG,6.874535892,7490932.642,TCGGGAGCTGAGGCCACATG
AAAGGACT,CCCC,ATG,6.870648528,7424180.595,AAAGGACTCCCCATG
CCCGGAAG,GAACAC,ATG,6.869179242,7399105.886,CCCGGAAGGAACACATG
GCTGGAGA,AGACCCGCAA,ATG,6.869089993,7397585.502,GCTGGAGAAGACCCGCAAATG
TGGGGAAA,AAACGC,ATG,6.867918986,7377665.928,TGGGGAAAAAACGCATG
TGGGGAAG,ATT,ATG,6.863417776,7301595.599,TGGGGAAGATTATG
ACGGGAAA,AAGCC,ATG,6.858423559,7218111.045,ACGGGAAAAAGCCATG
GCAGGAGC,CGCCATTC,ATG,6.857900888,7209429.315,GCAGGAGCCGCCATTCATG
TCAGGAGA,AGAGAC,ATG,6.856873037,7192386.831,TCAGGAGAAGAGACATG
AAAGGACA,CCCCG,ATG,6.856168399,7180726.727,AAAGGACACCCCGATG
AAGGGAAA,GCGAC,GTG,6.854488244,7153000.314,AAGGGAAAGCGACGTG
GCCGGAGG,GGGGGCGGGGC,ATG,6.851261703,7100054.834,GCCGGAGGGGGGGCGGGGCATG
CGGGGAAA,GACGGA,ATG,6.850492942,7087497.886,CGGGGAAAGACGGAATG
AGAGGACC,GCTCAG,ATG,6.850275118,7083943.973,AGAGGACCGCTCAGATG
AAAGGATG,ATCGGCC,GTG,6.848677301,7057929.26,AAAGGATGATCGGCCGTG
GCGGGAGG,AGTATC,ATG,6.843640491,6976546.467,GCGGGAGGAGTATCATG
TGAGGAAG,GGGCGGC,ATG,6.840382163,6924400.24,TGAGGAAGGGGCGGCATG
AAGGGAGC,ACCGTCC,ATG,6.838810604,6899388.556,AAGGGAGCACCGTCCATG
GCTGGAGA,GGGAACTG,ATG,6.833736909,6819254.658,GCTGGAGAGGGAACTGATG
CGAGGAGA,GACCCGGC,ATG,6.824024915,6668450.25,CGAGGAGAGACCCGGCATG
GGAGGACG,GCCCA,ATG,6.822518313,6645356.936,GGAGGACGGCCCAATG
ACGGGAGG,GGCTCGAA,ATG,6.820673933,6617195.005,ACGGGAGGGGCTCGAAATG
ACCGGAGG,GAGCCTGACA,ATG,6.820288688,6611327.762,ACCGGAGGGAGCCTGACAATG
CAGGGAGA,GATC,ATG,6.819671847,6601944.158,CAGGGAGAGATCATG
CATGGAGA,CGAGCC,ATG,6.816237516,6549942.934,CATGGAGACGAGCCATG
AGGGGAAC,GAATCGCGACAG,ATG,6.812341426,6491445.663,AGGGGAACGAATCGCGACAGATG
CGAGGAGC,CAAACGAG,ATG,6.810569645,6465016.608,CGAGGAGCCAAACGAGATG
GCAGGAGG,GCCGAATG,ATG,6.808223929,6430191.825,GCAGGAGGGCCGAATGATG
AAAGGAGG,GGCGTC,ATG,6.806662284,6407111.529,AAAGGAGGGGCGTCATG
GAAGGAGT,CACA,ATG,6.806627129,6406592.917,GAAGGAGTCACAATG
GCAGGAGC,GTCCGTC,ATG,6.803663958,6363029.819,GCAGGAGCGTCCGTCATG
CACGGAGG,GAAGAACC,ATG,6.799726105,6305595.456,CACGGAGGGAAGAACCATG
CAAGGACT,CGCGAC,GTG,6.796138501,6253720.99,CAAGGACTCGCGACGTG
GATGGAGG,ATCGCA,ATG,6.793692479,6218597.948,GATGGAGGATCGCAATG
ACGGGAGG,TCCACGC,ATG,6.79364212,6217876.909,ACGGGAGGTCCACGCATG
GAAGGAGG,CAGGCCG,ATG,6.789504402,6158917.722,GAAGGAGGCAGGCCGATG
TCAGGACG,GGCACC,ATG,6.789052017,6152505.589,TCAGGACGGGCACCATG
AAAGGAGC,GAGAACGAGCAATG,ATG,6.788823851,6149274.087,AAAGGAGCGAGAACGAGCAATGATG
CGGGGACA,AGGGACGG,ATG,6.787279991,6127453.038,CGGGGACAAGGGACGGATG
ACGGGAGA,CGCGGC,ATG,6.787088004,6124744.892,ACGGGAGACGCGGCATG
GAAGGAAA,AACC,ATG,6.786953588,6122849.55,GAAGGAAAAACCATG
GCTGGAGG,GCATC,ATG,6.781112361,6041049.031,GCTGGAGGGCATCATG
AAGGGAAA,ATGACC,ATG,6.781108762,6040998.972,AAGGGAAAATGACCATG
GCAGGAGG,AGGGGACGGC,ATG,6.780469371,6032111.651,GCAGGAGGAGGGGACGGCATG
AAAGGAAC,TGGA,ATG,6.780297109,6029719.49,AAAGGAACTGGAATG
CAGGGAGG,AGCCG,ATG,6.770803417,5899339.867,CAGGGAGGAGCCGATG
CAAGGATG,AGAC,ATG,6.769864915,5886605.27,CAAGGATGAGACATG
GAAGGACA,GTCATTC,ATG,6.762029157,5781348.605,GAAGGACAGTCATTCATG
CGGGGAGG,AGGCGCG,ATG,6.761400518,5772986.182,CGGGGAGGAGGCGCGATG
GGAGGAGT,AGA,ATG,6.76054102,5761572.355,GGAGGAGTAGAATG
ACGGGACT,GAGCAGGA,ATG,6.759255393,5744541.792,ACGGGACTGAGCAGGAATG
AGAGGACA,CAGCCCG,ATG,6.757707063,5724098.033,AGAGGACACAGCCCGATG
CAAGGAGA,AAGACC,ATG,6.757490158,5721239.884,CAAGGAGAAAGACCATG
CGAGGAGG,GGCGG,GTG,6.756989515,5714648.4,CGAGGAGGGGCGGGTG
CCAGGACG,CCGACC,ATG,6.754567489,5682866.961,CCAGGACGCCGACCATG
AAGGGAAT,TAGGGCG,GTG,6.751860338,5647553.292,AAGGGAATTAGGGCGGTG
GCAGGAGT,GGCCGTCTG,ATG,6.745600458,5566733.85,GCAGGAGTGGCCGTCTGATG
TGAGGAAA,TGTTAGT,ATG,6.741069049,5508952.772,TGAGGAAATGTTAGTATG
GGGGGAAA,GCGCC,ATG,6.740520634,5502000.612,GGGGGAAAGCGCCATG
GCCGGAGG,AGGCG,ATG,6.73972139,5491884.433,GCCGGAGGAGGCGATG
GGGGGACA,TGACC,ATG,6.737559486,5464613.939,GGGGGACATGACCATG
AAGGGACA,AGCCAC,ATG,6.73443778,5425475.162,AAGGGACAAGCCACATG
AAGGGAAG,ACGCC,ATG,6.734008379,5420113.478,AAGGGAAGACGCCATG
AAGGGAGG,AAGAC,ATG,6.723531409,5290922.602,AAGGGAGGAAGACATG
CGAGGAAA,CCGGA,ATG,6.7218158,5270062.914,CGAGGAAACCGGAATG
AGGGGAAA,ATCGAG,ATG,6.720556626,5254805.257,AGGGGAAAATCGAGATG
ACAGGAGG,AATAGACG,ATG,6.715647292,5195738.579,ACAGGAGGAATAGACGATG
CAGGGAGA,GAAGAAAG,ATG,6.713105984,5165424.093,CAGGGAGAGAAGAAAGATG
CAAGGAAT,GCGAGC,ATG,6.712256087,5155325.444,CAAGGAATGCGAGCATG
AGGGGAAA,AAGAAA,ATG,6.70844336,5110264.277,AGGGGAAAAAGAAAATG
GAAGGAAA,AGCCC,ATG,6.706965485,5092903.943,GAAGGAAAAGCCCATG
GCAGGAGT,GGGGAAGCCC,ATG,6.706511647,5087584.638,GCAGGAGTGGGGAAGCCCATG
GCAGGAGT,GGAAG,ATG,6.7049976,5069879.069,GCAGGAGTGGAAGATG
GCGGGAGG,AGGCTTTGGA,ATG,6.701087814,5024441.736,GCGGGAGGAGGCTTTGGAATG
CAAGGATC,ACCACGCC,ATG,6.692791465,4929370.535,CAAGGATCACCACGCCATG
GAAGGAGA,CCAATC,ATG,6.68486237,4840189.548,GAAGGAGACCAATCATG
GCTGGAGA,AGGCCG,ATG,6.683840294,4828811.96,GCTGGAGAAGGCCGATG
CAAGGAGC,TGCCGCCC,GTG,6.678208067,4766592.958,CAAGGAGCTGCCGCCCGTG
GAGGGAGG,GCCCG,ATG,6.6762354,4744991.079,GAGGGAGGGCCCGATG
GCAGGAGC,AAAGCC,ATG,6.672888368,4708562.809,GCAGGAGCAAAGCCATG
GAAGGAAA,AGTAAA,ATG,6.668332982,4659432.038,GAAGGAAAAGTAAAATG
AACGGAGC,CCACGCG,ATG,6.661228392,4583828.83,AACGGAGCCCACGCGATG
GGAGGAGC,CAGGCGGGTCGCG,ATG,6.660486497,4576005.066,GGAGGAGCCAGGCGGGTCGCGATG
GCAGGAAA,ACATG,ATG,6.658955893,4559906.036,GCAGGAAAACATGATG
AACGGATA,ATCCTGCG,ATG,6.658079485,4550713.403,AACGGATAATCCTGCGATG
CGAGGAAG,GAAAGATC,ATG,6.65674789,4536781.776,CGAGGAAGGAAAGATCATG
GGCGGAGT,GCCCCG,ATG,6.655500815,4523773.113,GGCGGAGTGCCCCGATG
GCAGGAAA,GCGGTCC,ATG,6.655371279,4522424.016,GCAGGAAAGCGGTCCATG
CGAGGAGG,GGAAAGCTCGG,ATG,6.645503831,4420830.17,CGAGGAGGGGAAAGCTCGGATG
AAGGGAGG,AGCAAGGAC,ATG,6.64495889,4415286.508,AAGGGAGGAGCAAGGACATG
AAGGGAAA,ACCCCGCGCC,ATG,6.643734594,4402857.143,AAGGGAAAACCCCGCGCCATG
ACAGGAGA,AGCGCGC,ATG,6.643309792,4398552.618,ACAGGAGAAGCGCGCATG
ACGGGACG,GTCTGAGCC,ATG,6.643083177,4396258.055,ACGGGACGGTCTGAGCCATG
GAAGGATG,AGCCGCG,ATG,6.633696416,4302257.653,GAAGGATGAGCCGCGATG
GAGGGACA,AGCTCCGAC,ATG,6.633310977,4298441.068,GAGGGACAAGCTCCGACATG
CAAGGAGC,GGCGCC,ATG,6.631337977,4278957.538,CAAGGAGCGGCGCCATG
GGAGGAGA,AAATTGA,ATG,6.630511534,4270822.621,GGAGGAGAAAATTGAATG
GGAGGAGA,ACC,ATG,6.625233477,4219232.686,GGAGGAGAACCATG
CAGGGATA,AGGGCAGGGATC,ATG,6.625226683,4219166.685,CAGGGATAAGGGCAGGGATCATG
TGAGGAGC,ACGAATTC,ATG,6.623888451,4206185.786,TGAGGAGCACGAATTCATG
CAAGGAGT,GCGCT,ATG,6.620356496,4172117.159,CAAGGAGTGCGCTATG
CGGGGAGG,GCACCG,ATG,6.616756452,4137675.735,CGGGGAGGGCACCGATG
ACAGGAGA,AGACCTGCC,ATG,6.616138205,4131789.666,ACAGGAGAAGACCTGCCATG
GGGGGAGG,CACG,ATG,6.611746267,4090216.223,GGGGGAGGCACGATG
GAGGGACG,AACAGCC,ATG,6.597556074,3958731.75,GAGGGACGAACAGCCATG
TCAGGAGG,TCTTGCC,ATG,6.596529897,3949388.864,TCAGGAGGTCTTGCCATG
AAAGGACG,AGCGC,ATG,6.596235356,3946711.276,AAAGGACGAGCGCATG
GCAGGAGG,TCCC,ATG,6.595950807,3944126.239,GCAGGAGGTCCCATG
CACGGAGG,GACGGG,ATG,6.584941299,3845398.025,CACGGAGGGACGGGATG
CAAGGACA,AGAGAGAAG,ATG,6.58342517,3831997.086,CAAGGACAAGAGAGAAGATG
GCAGGAGG,GCCACC,ATG,6.573382977,3744406.388,GCAGGAGGGCCACCATG
GGAGGAAA,GCC,ATG,6.569660088,3712445.513,GGAGGAAAGCCATG
AAAGGAGG,ATGCCG,ATG,6.564770137,3670879.569,AAAGGAGGATGCCGATG
CCAGGAGG,TGACGG,ATG,6.562835369,3654562.297,CCAGGAGGTGACGGATG
ACAGGAGA,GCAGGGGAA,ATG,6.559584556,3627309.023,ACAGGAGAGCAGGGGAAATG
GCAGGAGA,CAATCC,ATG,6.559389477,3625680.052,GCAGGAGACAATCCATG
AGGGGAAA,AAGAC,GTG,6.557760751,3612108.2,AGGGGAAAAAGACGTG
AAAGGAGT,ACAATG,ATG,6.556511555,3601733.333,AAAGGAGTACAATGATG
GGAGGACA,TTGAAAG,ATG,6.554831123,3587823.936,GGAGGACATTGAAAGATG
AAAGGACG,AGAGCAGGAAGCAG,ATG,6.553507227,3576903.531,AAAGGACGAGAGCAGGAAGCAGATG
CATGGAGG,GGACCAGGACG,ATG,6.551157454,3557602.765,CATGGAGGGGACCAGGACGATG
AAGGGAAA,AGTATAGT,ATG,6.551039322,3556635.197,AAGGGAAAAGTATAGTATG
GAAGGAGG,CGCC,ATG,6.550593932,3552989.568,GAAGGAGGCGCCATG
AAAGGAGT,AAATC,GTG,6.549707441,3545744.527,AAAGGAGTAAATCGTG
GAAGGAGC,ATGCCC,ATG,6.53785954,3450321.304,GAAGGAGCATGCCCATG
CGAGGACG,GCCGCCGA,GTG,6.535645602,3432777.084,CGAGGACGGCCGCCGAGTG
ACCGGAGG,CCGGAC,ATG,6.533820881,3418384.269,ACCGGAGGCCGGACATG
GAAGGAGG,AGGGGCG,ATG,6.531670329,3401498.855,GAAGGAGGAGGGGCGATG
AGGGGATG,ATCGCGCC,ATG,6.53087073,3395241.961,AGGGGATGATCGCGCCATG
CCGGGTGA,CCTTGGACGAGCC,ATG,6.528346766,3375567.259,CCGGGTGACCTTGGACGAGCCATG
GAAGGTGG,AAGTGTTTCCGGCC,ATG,6.528260155,3374894.144,GAAGGTGGAAGTGTTTCCGGCCATG
GCCGGAAG,TGAACTGC,ATG,6.521095895,3319677.501,GCCGGAAGTGAACTGCATG
AAAGGAAC,ACCTGAC,ATG,6.519731386,3309263.777,AAAGGAACACCTGACATG
AAGGGAGG,AATCGCATCCATC,ATG,6.518908201,3302997.163,AAGGGAGGAATCGCATCCATCATG
AGGGGAGG,GCGTC,ATG,6.518622363,3300823.962,AGGGGAGGGCGTCATG
AAAGGAAC,AGAGAGGCGGCG,ATG,6.518521688,3300058.874,AAAGGAACAGAGAGGCGGCGATG
ACAGGAGA,GATCC,ATG,6.515390075,3276348.381,ACAGGAGAGATCCATG
AGAGGAGA,GACCCGAACCA,TTG,6.513484282,3262002.441,AGAGGAGAGACCCGAACCATTG
AGGGGAAT,GAGGGACA,ATG,6.508252058,3222938.791,AGGGGAATGAGGGACAATG
AAGGGAGG,GGCAGGG,GTG,6.502015111,3176984.613,AAGGGAGGGGCAGGGGTG
ACAGGAGG,GGGCA,ATG,6.501214245,3171131.453,ACAGGAGGGGGCAATG
AGAGGTGA,CGGCAGCT,ATG,6.492754163,3109955.416,AGAGGTGACGGCAGCTATG
ACAGGACG,CCTCG,ATG,6.490317934,3092558.571,ACAGGACGCCTCGATG
AGAGGAGA,ACATC,ATG,6.489429225,3086236.657,AGAGGAGAACATCATG
TGAGGACA,GAGCGGGC,ATG,6.484970043,3054710.396,TGAGGACAGAGCGGGCATG
AAGGGAGG,TCGGC,GTG,6.483910632,3047267.865,AAGGGAGGTCGGCGTG
AGAGGAGG,GGTGTCG,ATG,6.483375466,3043515.134,AGAGGAGGGGTGTCGATG
AGCGGAGA,ATAACGCGGTG,ATG,6.481763868,3032242.063,AGCGGAGAATAACGCGGTGATG
GACGGAGA,GAACAG,ATG,6.481181575,3028179.222,GACGGAGAGAACAGATG
CCGGGACG,AGGCCATGGC,ATG,6.47994467,3019566.994,CCGGGACGAGGCCATGGCATG
CGAGGACA,GATGCG,ATG,6.477210387,3000615.769,CGAGGACAGATGCGATG
AGGGGAGG,GGAGCAGATC,ATG,6.477181068,3000413.205,AGGGGAGGGGAGCAGATCATG
ACGGGAGG,GTGCTGTG,ATG,6.46826529,2939444.67,ACGGGAGGGTGCTGTGATG
CGGGGAAC,CACCA,GTG,6.46821883,2939130.234,CGGGGAACCACCAGTG
GCAGGAGG,TTCCGC,ATG,6.465623489,2921618.384,GCAGGAGGTTCCGCATG
AACGGAGA,GAGTAA,ATG,6.460852413,2889697.705,AACGGAGAGAGTAAATG
CAAGGAGC,AGGATTTTCGCG,ATG,6.456024806,2857753.77,CAAGGAGCAGGATTTTCGCGATG
TCAGGAAA,GAGG,ATG,6.45511735,2851788.742,TCAGGAAAGAGGATG
ACAGGTGG,CGACGAC,ATG,6.451977688,2831246.538,ACAGGTGGCGACGACATG
CGAGGAGA,GCCG,ATG,6.449123168,2812698.413,CGAGGAGAGCCGATG
ACAGGAGA,ATCCTGG,ATG,6.447840853,2804405.774,ACAGGAGAATCCTGGATG
AAGGGAAG,GCCG,ATG,6.442233483,2768429.596,AAGGGAAGGCCGATG
TGAGGAAA,GAATGGGC,ATG,6.441511301,2763829.84,TGAGGAAAGAATGGGCATG
CCCGGAGG,GGTCGAGGC,ATG,6.437200622,2736532.571,CCCGGAGGGGTCGAGGCATG
GAGGGACA,GCCTGAC,ATG,6.435271047,2724401.103,GAGGGACAGCCTGACATG
ATGGGAGG,CAGCAGA,ATG,6.431074591,2698202.816,ATGGGAGGCAGCAGAATG
GCCGGAGA,GAACGA,ATG,6.430823781,2696645.022,GCCGGAGAGAACGAATG
GACGGAGG,GGGGCCTGATCC,ATG,6.428794672,2684075.152,GACGGAGGGGGGCCTGATCCATG
AAGGGAAA,GAAATC,ATG,6.428072357,2679614.732,AAGGGAAAGAAATCATG
CGAGGATG,CGGGTGTG,ATG,6.42730473,2674882.629,CGAGGATGCGGGTGTGATG
CAGGGATG,AGGGAAAGC,ATG,6.420745599,2634787.528,CAGGGATGAGGGAAAGCATG
AAAGGAAC,AACG,ATG,6.420667908,2634316.232,AAAGGAACAACGATG
AAAGGACC,TTAAGGTGA,ATG,6.413444352,2590862.423,AAAGGACCTTAAGGTGAATG
CAAGGAGA,AACTCACC,ATG,6.413250466,2589706.02,CAAGGAGAAACTCACCATG
CCCGGAGA,TATTATCCT,ATG,6.411756523,2580812.914,CCCGGAGATATTATCCTATG
CAAGGACG,AGGAACGCGCTC,ATG,6.410276476,2572032.64,CAAGGACGAGGAACGCGCTCATG
AAAGGATG,GGCAAGGC,ATG,6.403884376,2534453.782,AAAGGATGGGCAAGGCATG
CGAGGAAG,TTGAAATCGTC,ATG,6.402519149,2526499.106,CGAGGAAGTTGAAATCGTCATG
CGGGGAGG,ACGACC,ATG,6.388046736,2443693.514,CGGGGAGGACGACCATG
GCAGGAGG,GCCCCCTTC,ATG,6.376678965,2380559.085,GCAGGAGGGCCCCCTTCATG
AACGGAGA,GGGATCGGCC,ATG,6.373745416,2364533.197,AACGGAGAGGGATCGGCCATG
CAGGGAGG,GGCACGAA,ATG,6.368750798,2337495.58,CAGGGAGGGGCACGAAATG
GCAGGAGG,GAC,ATG,6.368229236,2334690.07,GCAGGAGGGACATG
CAGGGAGG,AAAGC,ATG,6.363745247,2310708.951,CAGGGAGGAAAGCATG
GCAGGAGA,GCCGCG,ATG,6.359242797,2286876.949,GCAGGAGAGCCGCGATG
AGCGGAGG,GTCAG,ATG,6.351208245,2244958.129,AGCGGAGGGTCAGATG
GGAGGAGG,AGGGAACTGC,ATG,6.34277719,2201796.567,GGAGGAGGAGGGAACTGCATG
GGCGGAGG,GCAGC,ATG,6.334862253,2162032.672,GGCGGAGGGCAGCATG
CAAGGATG,CAGTA,ATG,6.331270422,2144225.328,CAAGGATGCAGTAATG
AAGGGATG,GCGCAC,ATG,6.330208492,2138988.708,AAGGGATGGCGCACATG
GCAGGAGG,TAAGGGCGATGCAG,ATG,6.32341636,2105796.308,GCAGGAGGTAAGGGCGATGCAGATG
ACAGGACG,ATGAGC,ATG,6.320474656,2091580.845,ACAGGACGATGAGCATG
AAAGGTGC,AAGC,GTG,6.32015493,2090041.597,AAAGGTGCAAGCGTG
AAAGGAAT,GGGATCCAGC,ATG,6.319557411,2087168.016,AAAGGAATGGGATCCAGCATG
GCGGGACA,GAAACC,ATG,6.315408401,2067323.307,GCGGGACAGAAACCATG
GAAGGAGA,ACAGCC,ATG,6.314947813,2065131.983,GAAGGAGAACAGCCATG
AAAGGAGA,TGGAACC,ATG,6.310997302,2046431.925,AAAGGAGATGGAACCATG
TCTGGAGG,CCGAG,ATG,6.303522109,2011509.596,TCTGGAGGCCGAGATG
GCAGGAGG,AAACG,ATG,6.301585537,2002560.0,GCAGGAGGAAACGATG
GACGGAGG,GCAGCGCGC,ATG,6.29919614,1991572.586,GACGGAGGGCAGCGCGCATG
CAAGGTGA,GGGACGC,ATG,6.29900963,1990717.479,CAAGGTGAGGGACGCATG
AGAGGAGC,CCCGCGAC,ATG,6.291619049,1957127.184,AGAGGAGCCCCGCGACATG
GCTGGAGG,GAAACGACG,ATG,6.289272509,1946581.132,GCTGGAGGGAAACGACGATG
CCGGGAGG,TGACCGGCCGGA,ATG,6.283669119,1921627.118,CCGGGAGGTGACCGGCCGGAATG
AAAGGTCA,CCAGGTCGCC,ATG,6.277009837,1892386.483,AAAGGTCACCAGGTCGCCATG
CGAGGAGG,AAACCAG,ATG,6.270479606,1864144.636,CGAGGAGGAAACCAGATG
CCAGGAGT,ATTGCCGC,ATG,6.268069089,1853826.512,CCAGGAGTATTGCCGCATG
ACAGGACG,AGAAA,ATG,6.267502752,1851410.628,ACAGGACGAGAAAATG
TGAGGAAT,AGAC,ATG,6.267430917,1851104.417,TGAGGAATAGACATG
GCTGGAGG,GACTGGA,ATG,6.265465212,1842744.873,GCTGGAGGGACTGGAATG
AAAGGAGA,ACAGCCAC,ATG,6.264456148,1838468.31,AAAGGAGAACAGCCACATG
GGCGGAGT,TGGTTTAGGGCGG,ATG,6.250387248,1779865.758,GGCGGAGTTGGTTTAGGGCGGATG
AAAGGAAA,ACGCGCG,ATG,6.23968197,1736528.72,AAAGGAAAACGCGCGATG
GCTGGAGT,AGGACGCG,ATG,6.237794483,1728997.969,GCTGGAGTAGGACGCGATG
CAAGGATT,ACGCGGGC,ATG,6.235250698,1718900.344,CAAGGATTACGCGGGCATG
ACAGGAAA,GGGCTG,ATG,6.208798609,1617329.877,ACAGGAAAGGGCTGATG
AAAGGAAA,AGGTGATCCG,ATG,6.201111967,1588956.352,AAAGGAAAAGGTGATCCGATG
ACAGGAGG,TGA,ATG,6.184892551,1530708.701,ACAGGAGGTGAATG
CCCGGAGT,GACG,ATG,6.182240483,1521389.738,CCCGGAGTGACGATG
CAGGGAGA,GCAGC,ATG,6.178021609,1506682.03,CAGGGAGAGCAGCATG
CCGGGACA,TCTCCC,ATG,6.170246634,1479948.605,CCGGGACATCTCCCATG
GATGGAGG,CCAGCC,ATG,6.157041069,1435625.185,GATGGAGGCCAGCCATG
CGTGGAGG,TCTTGC,ATG,6.156999359,1435487.315,CGTGGAGGTCTTGCATG
AAAGGAGA,GGCTGAGCG,GTG,6.155858314,1431720.734,AAAGGAGAGGCTGAGCGGTG
AGAGGAGA,GGGCCG,ATG,6.150559213,1414357.551,AGAGGAGAGGGCCGATG
CCAGGAAA,AAGAGGCGCCA,ATG,6.141115437,1383934.185,CCAGGAAAAAGAGGCGCCAATG
AAAGGAAC,GCAGGC,ATG,6.138482011,1375567.833,AAAGGAACGCAGGCATG
CGGGGAAT,GGACCC,ATG,6.135232547,1365314.01,CGGGGAATGGACCCATG
AAAGGAGC,GGCGTG,ATG,6.130454396,1350375.021,AAAGGAGCGGCGTGATG
CACGGAGG,AACGGACAAT,ATG,6.126354546,1337687.122,CACGGAGGAACGGACAATATG
CACGGAAG,GGATCGCC,ATG,6.117619059,1311049.409,CACGGAAGGGATCGCCATG
GAGGGAGA,ATCCTG,ATG,6.105439141,1274791.446,GAGGGAGAATCCTGATG
AACGGACA,CAG,ATG,6.098397679,1254289.189,AACGGACACAGATG
GCGGGAGA,GACC,ATG,6.092063812,1236129.049,GCGGGAGAGACCATG
AATGGAGT,GGCCAG,ATG,6.081815865,1207301.846,AATGGAGTGGCCAGATG
ACAGGAGG,CCC,ATG,6.077938905,1196572.189,ACAGGAGGCCCATG
CACGGAAG,GCGCATC,ATG,6.065428618,1162595.448,CACGGAAGGCGCATCATG
TAGGGAGG,GCG,ATG,6.062351621,1154387.515,TAGGGAGGGCGATG
GCAGGAGG,AGGTATC,GTG,6.062174792,1153917.585,GCAGGAGGAGGTATCGTG
GAAGGAAA,ATACA,ATG,6.057322896,1141097.873,GAAGGAAAATACAATG
GGCGGAGG,TTCATCGC,ATG,6.049772906,1121431.901,GGCGGAGGTTCATCGCATG
GAAGGAGC,GGACATGG,ATG,6.039256094,1094601.638,GAAGGAGCGGACATGGATG
GAAGGTGG,CCCGCCT,GTG,6.036742455,1088284.528,GAAGGTGGCCCGCCTGTG
CAGGGAGG,ACGCC,ATG,6.031501778,1075231.003,CAGGGAGGACGCCATG
AAAGGAGC,GCCAAG,ATG,6.030128238,1071835.749,AAAGGAGCGCCAAGATG
GATGGAGG,AGGCGCG,ATG,5.984768557,965536.1909,GATGGAGGAGGCGCGATG
ACAGGAGG,ACGGA,ATG,5.969296702,931744.2081,ACAGGAGGACGGAATG
AAAGGAAA,CGGTGAG,ATG,5.964611251,921745.9782,AAAGGAAACGGTGAGATG
TCGGGACA,GACC,ATG,5.958114998,908060.9454,TCGGGACAGACCATG
ACAGGACA,AAAATCC,ATG,5.95740658,906580.9317,ACAGGACAAAAATCCATG
CAAGGATA,AGCCTGTTCG,ATG,5.954651524,900848.0104,CAAGGATAAGCCTGTTCGATG
CGGGGAAG,GCCAGC,ATG,5.946596831,884294.3118,CGGGGAAGGCCAGCATG
CGAGGAAA,GACCCGCCCG,GTG,5.938753639,868467.6364,CGAGGAAAGACCCGCCCGGTG
AATGGAGT,GTGACAACCAC,ATG,5.924240076,839924.1647,AATGGAGTGTGACAACCACATG
CAAGGAAG,GTAGAAGTC,ATG,5.922096231,835788.1923,CAAGGAAGGTAGAAGTCATG
GGGGGAAA,GAGTTGCCG,ATG,5.920300511,832339.5111,GGGGGAAAGAGTTGCCGATG
CAAGGAAG,AGGCGGCGGA,ATG,5.907826826,808773.3379,CAAGGAAGAGGCGGCGGAATG
CAAGGATA,AAGGCAGGGCC,ATG,5.901499658,797075.8636,CAAGGATAAAGGCAGGGCCATG
TGCGGAGG,GCCACC,ATG,5.886226261,769531.25,TGCGGAGGGCCACCATG
GGAGGAGG,AGCAGT,ATG,5.885345519,767972.2357,GGAGGAGGAGCAGTATG
AGAGGACA,AGGGCGTGAG,ATG,5.874713781,749400.16,AGAGGACAAGGGCGTGAGATG
GAAGGAAC,GCAGCG,ATG,5.873832446,747880.907,GAAGGAACGCAGCGATG
GGAGGACT,TCGCGC,ATG,5.871505049,743883.7113,GGAGGACTTCGCGCATG
GCCGGAGG,AAAACT,ATG,5.852888599,712670.1999,GCCGGAGGAAAACTATG
AAAGGAAA,AGGGGCAGGAC,ATG,5.832271618,679628.5562,AAAGGAAAAGGGGCAGGACATG
GATGGAAG,AGAAAG,ATG,5.827873774,672781.0862,GATGGAAGAGAAAGATG
CGAGGAAA,CGGGC,ATG,5.826680409,670934.9398,CGAGGAAACGGGCATG
AAAGGAAT,GCCCGGCAATG,ATG,5.825372492,668917.3982,AAAGGAATGCCCGGCAATGATG
TCAGGAGG,GAAACCGC,ATG,5.816357115,655174.6949,TCAGGAGGGAAACCGCATG
AAGGGAAA,GCCTGAGTCCC,ATG,5.810005414,645662.2782,AAGGGAAAGCCTGAGTCCCATG
AAAGGACA,ATCGGTCTGGTGAA,ATG,5.807893337,642529.8916,AAAGGACAATCGGTCTGGTGAAATG
CCGGGAGG,AGGCAAA,ATG,5.770659531,589738.5678,CCGGGAGGAGGCAAAATG
AACGGATG,GTTTGTCAT,ATG,5.755411636,569392.3605,AACGGATGGTTTGTCATATG
GAAGGAGT,GGGTGAAG,ATG,5.73695781,545704.8458,GAAGGAGTGGGTGAAGATG
CCGGGAGT,CCCGCC,TTG,5.72470231,530520.6707,CCGGGAGTCCCGCCTTG
CCTGGAGG,GTGACA,ATG,5.710263161,513172.2463,CCTGGAGGGTGACAATG
GGAGGACA,GGTGCATT,ATG,5.699857666,501023.0038,GGAGGACAGGTGCATTATG
AATGGAGC,TGAGGACGGT,TTG,5.699167799,500227.7716,AATGGAGCTGAGGACGGTTTG
ACAGGAAT,AGGACC,ATG,5.694878699,495311.828,ACAGGAATAGGACCATG
CCAGGAGC,AGGCCGAGCA,GTG,5.686128823,485432.4709,CCAGGAGCAGGCCGAGCAGTG
CGGGGAGA,AACCT,ATG,5.680317082,478979.6712,CGGGGAGAAACCTATG
CAAGGAGA,AGCACGCC,ATG,5.669130394,466799.5129,CAAGGAGAAGCACGCCATG
AGGGGAAA,CCAGCCG,ATG,5.635707876,432223.0025,AGGGGAAACCAGCCGATG
CAAGGACA,GCGTGAC,ATG,5.630011036,426590.3588,CAAGGACAGCGTGACATG
CGGGGAGG,GGAACC,ATG,5.627021134,423663.5821,CGGGGAGGGGAACCATG
AGTGGAGG,GCACGAGA,ATG,5.615726159,412787.1406,AGTGGAGGGCACGAGAATG
AAAGGAGC,AGTCA,TTG,5.614496798,411620.3125,AAAGGAGCAGTCATTG
GAAGGAGG,GGGTCG,ATG,5.609312879,406736.249,GAAGGAGGGGGTCGATG
CCGGGAGA,GGCCA,ATG,5.580528978,380652.7555,CCGGGAGAGGCCAATG
ACGGGATG,ACGACA,ATG,5.571833565,373107.1441,ACGGGATGACGACAATG
GGAGGAGG,GCACCG,ATG,5.570290566,371783.8887,GGAGGAGGGCACCGATG
GCAGGAGG,AGAAG,ATG,5.565141684,367402.1421,GCAGGAGGAGAAGATG
TCAGGAGG,GACGAC,ATG,5.545575767,351217.1928,TCAGGAGGGACGACATG
CGGGGAGG,GGCACG,ATG,5.519011309,330378.144,CGGGGAGGGGCACGATG
GAAGGAGA,ATCGCATGGAC,ATG,5.514672874,327094.2232,GAAGGAGAATCGCATGGACATG
CGGGGAGG,GCAT,ATG,5.510528679,323987.8167,CGGGGAGGGCATATG
AAAGGAAG,ATCCC,ATG,5.402774142,252798.2957,AAAGGAAGATCCCATG
AAAGGAAA,AGGACGGGATCGGA,ATG,5.331787526,214677.9929,AAAGGAAAAGGACGGGATCGGAATG
GAAGGTGG,GCGCC,GTG,5.243164049,175050.7793,GAAGGTGGGCGCCGTG
TAGGGAAA,AGCCG,ATG,5.239583664,173613.5684,TAGGGAAAAGCCGATG
AAGGGAGG,GGCGGGTC,ATG,5.230570555,170047.619,AAGGGAGGGGCGGGTCATG
CAAGGATT,TGGAAATCACTGC,ATG,5.22127679,166447.3136,CAAGGATTTGGAAATCACTGCATG
GGGGGACA,AGGGTCGCAG,ATG,5.206117715,160737.6872,GGGGGACAAGGGTCGCAGATG
AAAGGTGC,ACGGGAACGCCCC,ATG,5.173076068,148962.1966,AAAGGTGCACGGGAACGCCCCATG
AAAGGAAA,GAGGTTCC,ATG,5.134443666,136283.6215,AAAGGAAAGAGGTTCCATG
TCAGGAGC,AGCATC,ATG,5.120925954,132107.0375,TCAGGAGCAGCATCATG
TCGGGAGA,ATGACC,ATG,5.120025199,131833.3231,TCGGGAGAATGACCATG
CGAGGAGG,CGCGCCC,ATG,5.117969472,131210.7664,CGAGGAGGCGCGCCCATG
GCAGGAGG,AGGCGATCTGAC,ATG,5.106863997,127898.0719,GCAGGAGGAGGCGATCTGACATG
ACAGGAGG,GCCGAT,ATG,5.08269903,120975.9469,ACAGGAGGGCCGATATG
ACCGGAGA,AACC,ATG,5.064451664,115998.3106,ACCGGAGAAACCATG
AGCGGAGG,AGGCGGCGCG,ATG,5.042729307,110339.0669,AGCGGAGGAGGCGGCGCGATG
AACGGAAA,TTCGTGTG,ATG,5.005396168,101250.2649,AACGGAAATTCGTGTGATG
AGAGGAGG,GGCAAAA,ATG,4.993107607,98425.49483,AGAGGAGGGGCAAAAATG
GACGGAGG,AACCAGAC,ATG,4.81855457,65849.81666,GACGGAGGAACCAGACATG
CAAGGAGC,GAAGGGCGC,ATG,4.762941272,57935.03474,CAAGGAGCGAAGGGCGCATG
CAGGGAGT,GCCGCGTG,ATG,4.748785888,56077.14417,CAGGGAGTGCCGCGTGATG
AGGGGAAG,AGGAT,ATG,4.720341189,52521.992,AGGGGAAGAGGATATG
TGAGGACA,CTGTGCC,ATG,4.58114657,38119.44506,TGAGGACACTGTGCCATG
GGAGGAGA,TCGCG,ATG,4.292669675,19618.67509,GGAGGAGATCGCGATG
AAGGGAGG,ATATCACG,ATG,3.856409883,7184.720582,AAGGGAGGATATCACGATG
