sequence,Spacer,start,expression_level,adv
ATAGGAGG,GCCATG,ATG,11.48917773,3.08E+11
GAAGGAGA,TGTTCTACA,ATG,10.68200019,48083955896
GAAGGAAG,GACCAAC,ATG,9.979156033,9531385453
AAAGGTAA,GCCCGTC,ATG,9.897998866,7906765627
ACAGGACG,AACTCCCG,ATG,9.83681172,6867706396
GATGGAGG,ATTGGGCCT,ATG,9.619258624,4161583607
AAAGGACA,AGAACC,ATG,9.586110858,3855767672
AGAGGAAA,GAAGGACATC,ATG,9.56166231,3644704389
AAAGGAAA,CCCG,ATG,9.392969855,2471552584
GAAGGAGT,ACACG,ATG,9.342821113,2202019261
GGGGGACG,GAAAGGGAAATCCC,ATG,9.317686674,2078196809
GAAGGAGC,GAAAAGGAA,ATG,9.272010692,1870728197
AAGGGACC,CGATGA,ATG,9.128815669,1345289242
TATGGAGG,GGATTCCGCGAC,ATG,9.107171087,1279885407
GAAGGAAG,AGCATC,ATG,9.043915252,1106407860
ACCGGAGA,AGCACA,ATG,9.004163458,1009632816
TCGGGAGG,TTTTCG,ATG,8.997705796,994731329.3
CAAGGAGA,TCGCTTGCG,ATG,8.996956533,993016655.1
CGAGGAGA,GAGAC,ATG,8.977429609,949357114
GGAGGAAA,ATCAGCG,ATG,8.961528439,915226188.3
AAAGGAGA,ACCGCG,ATG,8.947621004,886382155
CAAGGAGA,AGACGCGAC,ATG,8.924527514,840480252.3
ACCGGAAA,GCGCGC,ATG,8.904492993,802588611.4
AAGGGAAG,GCAGAC,ATG,8.892055157,779929158.7
ACAGGTGA,CGGGCCTG,ATG,8.843273957,697066091.2
CAAGGATA,AGAGAA,ATG,8.838179787,688937440.1
CACGGAAT,GAGTTC,ATG,8.827286382,671871751.5
GAAGGAGA,AGGGACATGAGC,ATG,8.822645533,664730387.4
CATGGAGT,TCCCGAT,ATG,8.816814291,655864751.8
CGGGGAAG,AACAGG,ATG,8.816397072,655234976.9
CAAGGAGT,ACTGAA,TTG,8.814027772,651670064.8
AAAGGACT,GAAGTG,ATG,8.797125299,626794676.6
AAGGGAAC,GATGCG,ATG,8.783408687,607307558.9
CTGGGAGA,TTTCTC,ATG,8.767407809,585339469.3
AGGGGAAA,GAAAAACC,ATG,8.765753532,583114085.2
ATAGGAGA,TTCCCG,ATG,8.760545697,576163440.1
CAAGGAAA,AGAACGGAAAA,ATG,8.760060563,575520189.3
GAAGGAAT,AAACG,ATG,8.753701773,567155010.5
AAAGGAGA,CACAGGTGCC,ATG,8.747443865,559041263.3
AGGGGAAA,ACGCGCC,ATG,8.74545295,556484343.3
GAAGGACA,GATGAGGC,ATG,8.734310486,542388516
AGAGGTAA,GACAA,ATG,8.729196098,536038641.6
CAGGGAGA,AGATC,ATG,8.726039556,532156726.4
AGAGGATA,GAACC,ATG,8.725102566,531009835.9
AAGGGAAA,GTGCTGTG,ATG,8.72268075,528056934.8
AAGGGAGG,GAAGGCT,TTG,8.720031821,524845914.7
CAAGGATG,AACACG,ATG,8.719334311,524003648.4
CCCGGAGG,ATCCCGGC,ATG,8.69445325,494826842.1
AAAGGAAA,CCCGC,ATG,8.690639419,490500460.4
AAAGGAAA,TTTCCGC,ATG,8.684983616,484154102
CATGGAGA,AGGGTTCCTG,ATG,8.675253153,473427141.9
GAGGGAGC,TTCCCC,ATG,8.672611128,470555796.7
TAAGGAGC,GAACATC,ATG,8.663460604,460744970.9
AGAGGAGG,CTGAC,ATG,8.657281471,454235917
ACAGGAGA,CCCCCG,ATG,8.646694766,443296972.9
GAAGGAGC,CAGAAC,ATG,8.631258723,427817675.1
CAGGGACA,GAGGATTAGGCG,ATG,8.621871085,418669270
AAAGGAGA,AAGGGCGCCAGAC,ATG,8.611251789,408556184.8
AGGGGAGG,ACCAAG,ATG,8.609633449,407036587.4
ACAGGAGG,AAAAGCCT,ATG,8.608087689,405590420.5
GCAGGAGA,TGATGGACTG,ATG,8.598150805,396415662.7
GAGGGAAA,GCCTGCC,ATG,8.595169357,393703573.5
GAAGGAGT,GTTT,ATG,8.58470104,384327127.3
TGAGGAGG,CCCGGTCC,ATG,8.58429542,383968343
CAAGGAAT,GAAGG,ATC,8.582268383,382180376.1
AAGGGAGC,GCAACAACACC,ATG,8.580956638,381027778.1
CGGGGAAA,GAAAGCGC,ATG,8.572024713,373271398.1
GATGGAAG,CCCGTGC,ATG,8.565764133,367929095.4
AAGGGAGC,ATCCATC,ATG,8.565277123,367516737.5
AGAGGAGG,AAAGGGTCGGG,ATG,8.564933103,367225730
AATGGAGA,GCTGACGAC,ATG,8.563969302,366411673.6
GATGGAGG,ACAATCCAG,ATG,8.562035541,364783797.9
GAAGGATG,GTTTCC,ATG,8.560852901,363791795.7
ACAGGAGC,ACCGAC,ATG,8.552473773,356840199.4
CGTGGAGG,AGGCCG,ATG,8.552318922,356712987.5
CGAGGAGG,GAAGACCGTCC,ATG,8.550337215,355088997
GGGGGACG,AGAGCAC,ATG,8.549987929,354803527.5
GCAGGAGC,AGACCCTCT,ATG,8.547744579,352975514
GAAGGATA,GCC,ATG,8.54291479,349071819.6
ATAGGAGT,CCAGCGGG,ATG,8.540302006,346978053.6
TATGGAGG,AAGGACCTG,ATG,8.533389657,341499173.4
ACAGGAGG,AGCCC,ATG,8.529432281,338401501.6
CAAGGAGA,ACCT,ATG,8.528684056,337818987.9
GATGGAAA,GGCTGAGCGA,ATG,8.528196301,337439797.2
GCAGGAGC,CTGCC,ATG,8.523469122,333786772
AAAGGATA,AAGCCC,ATG,8.516258702,328290792.5
TAAGGAGA,GCCGCCC,GTG,8.513970751,326565838
AGGGGAGG,CACCC,ATG,8.513156761,325954335
GGGGGACA,AAGACC,ATG,8.512884428,325750002.5
CGGGGAAA,AAGC,ATG,8.507509864,321743560.6
ACGGGAGA,GCCGAAGGC,ATG,8.495918034,313269442.5
AAAGGAGA,AACGTGA,ATG,8.493029123,311192501.3
CGCGGAGT,GATAGCCGG,TTG,8.490022619,309045638.3
GAAGGAGA,ATCGGC,ATG,8.490002487,309031312.7
CAAGGAAG,ACTCCCG,ATG,8.489751687,308852902.2
CGCGGAGG,GCAGCG,ATG,8.484481571,305127654.4
TCAGGAAA,AGTTTGACA,ATG,8.484421236,305085267.5
GCAGGATA,CCCCGCC,ATG,8.482369234,303647167.2
TAAGGTGA,GGAACGCGAC,ATG,8.480212453,302142941.8
AGAGGAGA,TGTGAC,ATG,8.474957001,298508705.2
CAAGGAAT,AGGTCC,ATG,8.467488319,293419058.4
TTAGGAGA,GAGGCACCGG,ATG,8.467412537,293367862.9
AAAGGACT,TAAAGACA,ATG,8.456880482,286338985.4
AAGGGAGC,GAGATCGCCG,ATG,8.45565669,285533251.1
GGAGGAGA,GACTCC,ATG,8.450651835,282261623.6
AAGGGAAG,AGAC,ATG,8.450574944,282211654
CACGGACG,GCAAG,ATG,8.449368828,281428987.2
CAAGGATC,ATCC,ATG,8.436825547,273417021.2
AACGGAGC,GGCAA,ATG,8.429402645,268783524.6
CAAGGAGC,AAGCC,ATG,8.428914136,268481358.1
GAAGGAAT,ACCTGA,ATG,8.425651027,266471660
CAAGGAGC,GCACCC,ATG,8.42549855,266378120.5
AAAGGACG,GGCCAG,ATG,8.422756031,264701273.8
CGAGGAGA,AGCCC,ATG,8.42009834,263086364.5
AAAGGAAC,CGGCC,ATG,8.416411443,260862374.2
TAAGGAGT,GAACAC,ATG,8.4151712,260118475.2
GAAGGATT,GAGGCGC,ATG,8.414089413,259471351.1
CCGGGAGG,AAGACCGA,ATG,8.411952172,258197582.5
GGCGGAGG,ATGCC,ATG,8.405352364,254303515.3
AAAGGAGA,GTGCG,ATG,8.401146219,251852472.5
ACAGGAGC,GCCGGCAA,ATG,8.40049746,251476530.8
AAAGGAGG,ACGAA,ATG,8.395223438,248441096.6
AAGGGAAA,TGAGGA,ATG,8.391501217,246320873.8
AAAGGAAA,GAGTAAGCCTGC,GTG,8.390482155,245743565.5
AGGGGAAG,AAGCC,ATG,8.386970648,243764606.6
AGAGGAGA,GGCCCTTT,ATG,8.379665641,239698679.4
GAAGGAGA,AAAACCCA,ATG,8.377875668,238712778.6
AAAGGATC,AAATCCGC,ATG,8.369135725,233956828.3
AAAGGAAA,GCTCGG,ATG,8.367543691,233100761
AACGGAGA,GGCAG,ATG,8.366824338,232714978.8
AAGGGAAG,GGC,ATG,8.366748376,232674278.5
CAAGGACG,AGG,ATG,8.363991896,231202164.7
CAAGGACG,GCTCCC,ATG,8.362709394,230520415.5
AACGGAGA,ACCCCG,ATG,8.361096402,229665839.1
AAAGGATG,TAAAGA,ATG,8.360536848,229370123.1
CAGGGAGG,GCC,ATG,8.360099979,229139509.5
CCCGGAGG,CACGCC,ATG,8.356757283,227382628.8
GGGGGAGG,GAG,ATG,8.350677829,224221797
CAAGGATA,CAGGCG,ATG,8.350147339,223948077.9
AGAGGAGC,ACC,ATG,8.348963624,223338514.8
CGGGGTGA,AAGACAAG,ATG,8.347616541,222646842.9
AGAGGAAG,AGGGAGCCGAGTCC,ATG,8.345892563,221764774.6
GCAGGAGC,GCCCGCC,ATG,8.341096034,219328987.7
CGAGGAGG,TAAACCACG,ATG,8.338158716,217850577.7
GCGGGACA,ACGCCA,ATG,8.335612499,216577082.6
AAGGGAAT,AGCCG,ATG,8.333669203,215610150.5
AGAGGAGA,AGAGCG,ATG,8.331828253,214698125.7
GGAGGAGA,GCA,ATG,8.330316363,213952006.2
TAAGGAGA,GCTGCAACC,ATG,8.329009442,213309128.9
CAAGGAAA,GAGATGAAGTC,ATG,8.326352142,212007947.7
GCCGGAGG,AGTGATCG,ATG,8.320683857,209258860.9
ATAGGAGA,AAGCC,ATG,8.318576385,208245864.3
CGAGGTGA,ACGAC,ATG,8.317380279,207673115.9
CGAGGACA,GGATCGGC,GTG,8.315391308,206724194.4
AAAGGAAG,AACTC,ATG,8.314255347,206184183.3
GCAGGAGT,TCCGCG,ATG,8.3130091,205593367.4
AGAGGAGC,CCTCTC,ATG,8.312673184,205434407.5
GCAGGAGG,TATCCG,ATG,8.311636889,204944793.3
CAGGGAGA,TCTTC,ATG,8.311603588,204929078.8
GCAGGAGA,CAAACCC,ATG,8.304313119,201517663.4
CAAGGAAA,TTCGATC,ATG,8.303557841,201167510.3
TAAGGAAA,CCCCGCC,ATG,8.3012867,200118251.6
AGGGGAGA,AAGTC,ATG,8.294764353,197135279.3
AATGGAGG,AAGAAG,ATG,8.292001704,195885236
GCCGGAGG,GCCGCCTGA,ATG,8.29109623,195477254.2
AGGGGAAG,AGTTTCC,ATG,8.290498259,195208291
GAAGGAAA,AGAAAC,ATG,8.28201046,191430203.2
AAAGGAAG,ATCCGGCC,ATG,8.277297461,189364018.3
AGAGGACC,GCG,ATG,8.271607141,186899070.1
AAGGGTAA,CCC,GTG,8.270283056,186330116.6
TCAGGAGA,GCCAGGGGC,ATG,8.269759084,186105446.9
CGGGGAAA,CAAGC,ATG,8.269659277,186062682.1
GGGGGACA,ACCCCA,ATG,8.26885445,185718193.3
AGAGGAGA,AAGCCGA,ATG,8.267551605,185161890
GGGGGAAG,GACGCC,ATG,8.266827266,184853324.7
GCAGGAAA,AAAGAGTAGAAA,TTG,8.265729605,184386705.7
CAAGGAAA,AGATGCG,ATG,8.263218225,183323535.7
CAAGGATG,AAGGGGTGCATC,ATG,8.262023155,182819768.5
AAAGGAGA,TGCCCG,ATG,8.258395835,181299177.8
GAAGGACG,GCTCGC,ATG,8.256679827,180584232.4
AAAGGAAT,GCCGCC,ATG,8.255215421,179976342.3
GAGGGAGA,AGGCGA,ATG,8.252256077,178754126.9
CGAGGTGA,ATGATGGC,ATG,8.25207783,178680776
CAGGGAGA,CGGAACCGAG,ATG,8.25161316,178489700.3
GGCGGAGG,TAACCAA,ATG,8.251496569,178441789.2
GAAGGTGA,AAGGTGCTGCC,ATG,8.251300559,178361271.1
CCCGGAGG,CCTGAT,TTG,8.243023067,174993963.1
AAAGGAGG,GCCACCCC,GTG,8.242044296,174600022.6
CAAGGAGG,GGGTTC,ATG,8.240073473,173809485
CCCGGAAA,ATCAGGC,ATG,8.238473092,173170173.5
CGAGGAGC,ACACC,ATG,8.235903285,172148516.7
CGTGGAGG,AAGGATTTC,ATG,8.23075385,170119403
CAAGGAGA,AACCC,GTG,8.228529911,169250480.8
TAAGGAGG,ACGCC,ATG,8.222522972,166925609.9
AGAGGACA,GGAAAA,ATG,8.215731669,164335605.3
GGCGGAGT,AGTTCC,ATG,8.212354132,163062513.5
AAGGGATA,ACGGCTC,ATG,8.207867541,161386625.6
GCGGGAGA,CTGAC,ATG,8.206751519,160972437.1
ACAGGAAA,AAGCACC,ATG,8.204131261,160004155
AGGGGACA,ATAGGCAC,ATG,8.198352349,157889172.5
CGAGGACG,ATCCCT,ATG,8.196734929,157302247.9
AAAGGACC,TATTAGAAC,ATG,8.192865216,155906857
GATGGAGA,GCC,ATG,8.191362515,155368336.1
GAAGGATC,GGC,ATG,8.191317701,155352305
GAAGGACA,AGCGCGC,ATG,8.190491871,155057176.3
AAAGGACC,GATG,TTG,8.18926184,154618636.7
AATGGAAA,ACCTCCC,ATG,8.186009714,153465130.8
GGCGGAGG,GAACCC,ATG,8.185649252,153337808.4
ACAGGAGA,ACCGC,ATG,8.18364379,152631365.8
AAAGGATA,ACAGCC,ATG,8.181636571,151927562.9
AACGGAGA,GACCACCTG,ATG,8.178257037,150749901.5
AAAGGACG,GGGGAAATT,TTG,8.177493842,150485218.1
AGAGGACG,TAAGGACATC,ATG,8.174288243,149378551.3
CAAGGACA,GAAATCG,ATG,8.173549113,149124538.7
AAAGGAGA,CGCTGAC,ATG,8.173299554,149038871.8
TGGGGAGG,GCAAACGC,ATG,8.170754927,148168173.4
CGAGGAGC,GCAAGGC,ATG,8.169200822,147638907.2
GAAGGAGG,ACCCC,ATG,8.168203339,147300200.8
AAAGGATA,ACCAG,ATG,8.167168682,146949692.6
CGGGGACA,GGGCT,GTG,8.165181868,146278961.5
GAGGGACA,AACGAGGGAAAC,ATG,8.161412302,145014791.3
AACGGAGT,AGACGG,ATG,8.161071703,144901106.8
AAAGGACA,ACAGC,ATG,8.159822709,144484982.2
CAAGGAGG,GGCCTGCT,GTG,8.159521095,144384673.4
AAAGGAGC,TAGGGCG,ATG,8.15760455,143748906.5
GCGGGAGG,GATGCAGCC,ATG,8.156512254,143387817.5
GAGGGAGC,CACGCC,ATG,8.156496519,143382622.2
AAAGGACA,AGCCG,ATG,8.154575449,142749780.3
TAAGGAGA,AGTTTC,ATG,8.152850819,142184029.7
AAAGGTGT,AAAG,ATG,8.152573946,142093413
AACGGAAA,AGCC,ATG,8.150337453,141363553.4
CGAGGACT,CGAGCGAG,ATG,8.149062601,140949195.5
CCGGGAGA,CCAGC,ATG,8.148658601,140818139
GAAGGAAA,GAAAC,ATG,8.145005887,139638729
AAAGGATG,GCCAAGGC,ATG,8.144050918,139332015.2
GGCGGAGT,GTATG,ATG,8.143733165,139230109.5
TAAGGAGA,ATACC,ATG,8.142022691,138682828.5
AACGGACA,AAGAAGACA,ATG,8.140408877,138168447.3
CAAGGAGT,GCCGCC,ATG,8.138143212,137449515
GCAGGAAA,GAAGAGAG,ATG,8.137694687,137307635.1
GAAGGACA,ATGGGCA,ATG,8.136300215,136867462.2
TGAGGAGG,ACTGGATCTAT,ATG,8.135581919,136641279.1
CAAGGAGT,CAGCC,ATG,8.134827067,136403987.8
CAAGGTGT,AGGGGCTGAGCG,ATG,8.131429452,135341022
GGCGGAGA,ACAACC,ATG,8.129778698,134827567
GAAGGAGA,GGATAG,ATG,8.128421845,134406986.9
ACAGGAAG,GAAAAC,ATG,8.125267902,133434429.2
CGAGGAGA,TCCCCAAA,ATG,8.124096912,133075134
AGAGGTGA,AGCATG,ATG,8.123870393,133005742.8
GCTGGAAA,CAAGATC,ATG,8.122495692,132585396.6
GCTGGAGG,GCCTCA,ATG,8.121751423,132358373.8
AAAGGAAG,CGACAAGACCCG,ATG,8.120547038,131991826.4
AGGGGAAA,GAGTTG,ATG,8.116776061,130850703.1
ACAGGATA,AGGAC,ATG,8.116462605,130756294.7
AACGGAGG,AGAACGTTTG,ATG,8.116285558,130703000.6
ACCGGAGT,GGAACC,ATG,8.11537767,130430052.8
GAAGGAGA,CGACC,ATG,8.115327389,130414952.9
ACCGGAGA,GAGTTGGTTC,ATG,8.114723314,130233680.4
AAGGGAGG,ATGCCG,ATG,8.114307471,130109039.6
GAAGGAGA,GGATCGGCG,ATG,8.112304104,129510238.9
CAAGGATC,GCGCCC,ATG,8.106562724,127809378.7
GCAGGAGG,GTGTAATC,ATG,8.106087731,127669668.5
AAAGGACG,GCGCAC,ATG,8.105799909,127585085.4
CAAGGAGG,AGCTATC,ATG,8.105062832,127368734
GAGGGAGG,GATAT,ATG,8.103473252,126903398.4
CAGGGAAA,GACGGGCG,ATG,8.102847032,126720544.9
GAAGGAGA,CCCCGA,ATG,8.10093805,126164755.3
CCGGGTGA,GTGGA,ATG,8.100231965,125959800.7
CAAGGAGA,CGACAG,ATG,8.096522967,124888648.8
CAAGGAGG,AACCGGAC,ATG,8.095743149,124664600.3
CGGGGAAA,GGTCGCC,TTG,8.090748572,123239115.3
CAAGGACC,GGCGCGGCC,ATG,8.085308981,121705157.1
ACTGGAAA,AACCGC,ATG,8.082146694,120822187.3
AGAGGATG,AGACGGA,ATG,8.081337364,120597238.7
GCAGGAGA,TGAAGATCGG,ATG,8.080414128,120341141.9
CACGGAGG,ACGCGTG,ATG,8.078324597,119763532.5
CAAGGAGT,AGTGCC,ATG,8.078050757,119688040.5
AAAGGAAA,ACCT,ATG,8.075057093,118865847.9
CCGGGTGA,CGGCGG,ATG,8.075046287,118862890.4
AGGGGAAC,CCATCATCG,ATG,8.074706866,118770029.9
TCCGGAGT,GCCC,ATG,8.073497043,118439630.3
TAAGGAGG,TCCCG,ATG,8.07198688,118028497.8
GAGGGAGA,AGCGACAAAGC,ATG,8.071450602,117882843.3
TAAGGAGA,AGTGACG,ATG,8.066665704,116591181.7
CAAGGAGC,ACGCGCAGC,ATG,8.066575482,116566963.2
CCCGGAAG,AGAAAGC,ATG,8.065226925,116205564.5
CAAGGACA,GCCTCATC,ATG,8.060414685,114925045.6
CAAGGAGT,GACAGAC,ATG,8.053778081,113182187
CAAGGATA,ACGAA,ATG,8.05350259,113110413.6
TCGGGAGT,ATCGAGA,ATG,8.049517464,112077249.4
CAAGGAGA,GAGAA,ATG,8.048209483,111740210
AGGGGAAC,ACACTGAA,ATG,8.044308879,110741111.8
GCGGGAGG,GATGCG,GTG,8.044097441,110687210.1
GCCGGAGG,ACCCCC,ATG,8.041632585,110060779.7
GAAGGAGC,AGCC,ATG,8.038563089,109285637.2
AAGGGAAA,GGGTGC,ATG,8.038427006,109251398.7
CGGGGAAA,CTGAC,ATG,8.035524018,108523556.6
AGAGGAGA,ACGCTC,GTG,8.03542825,108499628.3
CAGGGAGG,TCTGTGGTGGAAC,ATG,8.035210424,108445222.4
ACAGGAGA,AATATC,ATG,8.033842043,108104069.4
CGAGGACT,ACCCCG,ATG,8.033395022,107992854.7
AACGGAAG,TGATCCG,ATG,8.031646407,107558913.7
TCAGGAGT,AGAATCTG,ATG,8.031549434,107534899.6
CAGGGAGA,ACGTGATCTG,ATG,8.029756103,107091771.7
AGGGGAGA,GCAAGCGATG,GTG,8.028359347,106747901.6
CGCGGAGG,CGATC,ATG,8.026626839,106322906.1
AAAGGAAA,GGATTCACG,ATG,8.026336373,106251818.9
ACAGGAGA,GAGACGCC,ATG,8.0263056,106244290.3
AGAGGAAA,AGACCG,ATG,8.026280275,106238095.2
TAAGGAGA,CGCGCCG,ATG,8.024844843,105887536.2
TGAGGAAA,CGCTGA,ATG,8.024626695,105834361.7
ACAGGAGC,CTGAAAAC,ATG,8.023689937,105606326.8
GCCGGAGA,AGAAGC,ATG,8.023392308,105533977.8
AATGGAGG,AAACATC,ATG,8.02195134,105184401.4
AGAGGAAC,GCTATC,ATG,8.021269032,105019278.8
CGAGGAGG,AGGGCCC,ATG,8.020768184,104898235.7
TGGGGAGG,AGTAGC,ATG,8.018401796,104328219.5
TCAGGAGC,ATCCGGGC,ATG,8.015127915,103544709.7
AAAGGAGT,AGATCC,ATG,8.013232684,103093832.3
ACAGGAGG,CCGCA,ATG,8.011897851,102777453.1
AAGGGAAT,CGGCC,ATG,8.011890538,102775722.4
ACGGGAAG,GCCCCG,ATG,8.011412115,102662566
CACGGACG,AATGAGC,ATG,8.011162201,102603506.1
AGCGGAAG,AGGGCCAG,ATG,8.010020391,102334104
GCCGGAGG,GCAGCGGA,ATG,8.007889562,101833240.1
CAAGGATT,GAGCCGTC,ATG,8.00672188,101559810
CAAGGAGA,AGACGAC,ATG,8.005119587,101185804
CGGGGAGG,ATAGA,ATG,8.00455456,101054244.6
ACGGGAGG,CAA,ATG,8.003908953,100904132.6
AAAGGAAA,AGAGC,ATG,8.000799505,100184262.4
GAAGGAGA,CAACC,ATG,7.997407008,99404720.42
AGGGGAGG,AAACGAC,ATG,7.994737935,98795675.61
GAAGGACG,AAACG,ATG,7.992158804,98210699.38
CAGGGAGC,TGCAGCACCC,ATG,7.991422321,98044293.5
GAAGGAGA,AACGGG,ATG,7.991346117,98027091.55
AAAGGTAA,GCTACCG,ATG,7.990715616,97884880.78
GCGGGAGG,CGAAACAG,ATG,7.990302049,97791711.96
GAAGGATG,GCAAACCC,ATG,7.989987684,97720950.84
TGAGGAAG,GTCGGATG,ATG,7.989873566,97695276.41
GGGGGACG,AAATAG,ATG,7.983054275,96173246.2
GAGGGAAC,AGCCAGA,TTG,7.980953074,95709065.11
AGAGGAAT,TTGCGCCC,ATG,7.979228619,95329786.2
ACAGGAAA,AAGGACGACCGAC,ATG,7.978792381,95234077.97
GATGGAGC,GGG,ATG,7.978766894,95228489.08
AAAGGAGT,ATTGCT,GTG,7.977820979,95021302.37
TGCGGAGG,TGCCGCC,ATG,7.977322087,94912210.3
AAAGGATG,AAGGG,ATG,7.975289002,94468931.25
AACGGAAG,ATGCCTT,ATG,7.970147308,93357090.46
AAAGGATC,GACAAG,ATG,7.966198532,92512098.46
CAGGGAAT,CCAAAGCG,ATG,7.964301106,92108796.15
AAAGGAGT,GCAGCG,ATG,7.957106062,90595382.36
AGGGGAGA,GACAGC,ATG,7.955558683,90273167.78
AGAGGAAC,AGAGAACC,ATG,7.953466883,89839408.31
CAGGGAGG,AATGACG,ATG,7.952417423,89622576.09
GAAGGAGA,CACCCG,ATG,7.951913594,89518664.34
AAAGGACC,AACGGAGGGCAGCG,ATG,7.949912026,89107041.73
TGAGGAGA,CGTCTC,ATG,7.948610225,88840342.58
CAGGGAAA,ACGGGC,ATG,7.947098091,88531554.7
AGAGGAGA,ACC,ATG,7.94700618,88512820.51
ACTGGAGA,AAAGCC,ATG,7.946181214,88344845.17
CAAGGACC,CCGC,ATG,7.946115779,88331535.29
GAGGGACG,GTGCCGGC,ATG,7.945494073,88205176.43
ACAGGAGA,TGCAGGACCAG,ATG,7.944478693,87999193.66
GCAGGAGT,AGGATCCTTGG,ATG,7.942966454,87693308.27
CAAGGAAT,AACCC,ATG,7.940769235,87250763.38
GCAGGAGG,CAGACCG,ATG,7.940580196,87212793.18
TCAGGAGC,AGGACGAAA,ATG,7.93962992,87022172.3
GAAGGTGG,TTCCGC,ATG,7.937954131,86687031.47
ATGGGAGA,GACAGGCT,ATG,7.937213042,86539233.02
GAAGGAGA,GAAGGA,ATG,7.935924173,86282788.66
CGAGGAAG,GCCG,ATG,7.935211599,86141335.1
AAAGGAGC,TAAGGCC,ATG,7.931246379,85358422.33
AGGGGAAA,GCACCT,ATG,7.931040914,85318048.68
AAGGGAAA,GAGCC,ATG,7.930999182,85309850.7
TGAGGAGA,AAGCGACC,ATG,7.930857002,85281926.46
GCCGGAAG,TGCCCTCTC,ATG,7.929470564,85010107.18
AATGGAGA,AGAGATC,ATG,7.928533959,84826970.92
CCAGGAGT,ACGCCAGCC,ATG,7.926760286,84481241.21
AAAGGAAA,CGCGCGTA,ATG,7.926323854,84396386.85
CGAGGAGA,AATGATG,ATG,7.924370297,84017604.93
AGGGGATG,CGCGTAAGCC,ATG,7.924243547,83993087.68
GCAGGAGC,TCCGGCC,ATG,7.922622105,83680083.51
TGAGGAGG,AGGGACCGCCC,ATG,7.918507995,82891117.56
AAAGGACG,GTCCCCC,ATG,7.917632157,82724120.25
GGGGGAGA,GAAGCCGG,ATG,7.915959808,82406184.77
CCAGGAGG,GAG,ATG,7.915637689,82345086.26
CAAGGAGT,CCGAAGG,ATG,7.91509121,82241535.45
ACAGGAGC,ATGGCC,ATG,7.914787141,82183974.59
GGCGGAGT,AGCC,ATG,7.914347026,82100731.33
CGCGGAGA,GGCAG,ATG,7.913041397,81854280.8
CCCGGAGA,TGTCCG,ATG,7.910825027,81437611.35
GGGGGAGC,AGGGTCTGGCG,ATG,7.908083648,80925175.19
CAAGGAGA,GACCGCC,ATG,7.907074442,80737340.93
AGGGGAAG,GAAACC,ATG,7.906122232,80560514.63
AAAGGAGA,AAACCG,ATG,7.904211887,80206928.85
GAAGGACT,ACCGCC,ATG,7.903026731,79988348.64
GGGGGAGG,GATAC,ATG,7.902538286,79898437.5
AAAGGAGA,GAATGTCGC,ATG,7.902089823,79815974.88
CAGGGAGT,GAC,ATG,7.897703959,79013983.87
GAAGGAGG,GGTCCG,ATG,7.89730278,78941028.47
GGAGGAGA,ATTACG,ATG,7.896123402,78726945.48
CCCGGAGA,TGAGCC,ATG,7.893925431,78329513.86
CGGGGAGG,GATGAAATC,ATG,7.891159905,77832307.28
TAAGGAAA,GCAGGC,GTG,7.890277859,77674391.43
CCTGGAGA,AGGAA,ATG,7.889855681,77598920.71
TCAGGAGC,GCCGGAGC,ATG,7.88819576,77302895.23
GAAGGAAT,CCTCTGGG,ATG,7.885606467,76843381.32
AAAGGAAG,GAACCG,ATG,7.885381297,76803550.55
GAAGGAGC,ACAGAAA,ATG,7.885227464,76776350.5
AAGGGAGA,AACTGACGCC,ATG,7.88320469,76419587.6
TCAGGAGC,ATGGACG,ATG,7.882145568,76233448.78
AAGGGAGG,ACTGG,ATG,7.881077607,76046215.7
AAGGGATT,AACTGAC,ATG,7.87591066,75146829.2
GGAGGAGA,ACAGGC,ATG,7.87427829,74864907.04
GAAGGATG,ACCAACC,ATG,7.874103196,74834730.03
GGGGGAAG,TGATCCGC,ATG,7.873637673,74754557.15
AAGGGACC,GTTCCC,ATG,7.872165722,74501620.92
GCAGGAGT,AGAAGACGC,ATG,7.871873719,74451545.78
GAGGGAGA,GTCGCCG,ATG,7.868540257,73882274.45
CCTGGAGG,AGA,ATG,7.865069683,73294212.5
CGAGGACA,AACC,ATG,7.8641536,73139771.64
CTAGGAGA,CCCGCATC,GTG,7.863423509,73016919.9
CCGGGAAG,GAGGC,ATG,7.863325956,73000520.46
AAGGGAAG,TGAATG,ATG,7.862312074,72830295.83
GCTGGAGT,TAGAAC,ATG,7.859659105,72386754.43
GCAGGAGC,CCGAC,ATG,7.858289118,72158769.33
TGAGGACG,ATCGAAA,ATG,7.857851503,72086095.58
AAAGGATC,GGCTGAGGG,ATG,7.856698208,71894920.6
TCAGGAGA,ACCCGAT,ATG,7.855469407,71691787.26
CGAGGAGG,GATGTATTG,ATG,7.854971109,71609577.07
CGGGGAGG,TTATGAA,ATG,7.85246067,71196832.02
CCCGGAGG,AAGAATC,ATG,7.851239562,70996928.7
ACAGGAGA,CATGT,ATG,7.848909228,70616994.19
CAAGGAAA,CGCCTGGTCGA,ATG,7.84743894,70378327.23
GCAGGAGC,GGGATCTGAGTC,ATG,7.844606133,69920758.83
TAAGGAGG,AGCCCC,ATG,7.840748133,69302377.3
TAAGGAGA,GCGGC,ATG,7.839967938,69177989.87
AAAGGATG,AAAGGAACTGGGA,ATG,7.839486108,69101282.57
GAGGGAGG,GGCGTGA,ATG,7.839467494,69098320.9
AACGGAGA,AGGATC,ATG,7.837866771,68844106.97
AAAGGAAG,AGGACGC,ATG,7.83775679,68826675.02
AAGGGAGA,AGGGCCC,ATG,7.837355321,68763079.95
GAAGGAGA,CCCGCGCC,ATG,7.835154914,68415564.37
GAAGGAGT,GACAAGCC,GTG,7.833550577,68163295.1
GCCGGAGG,GACAGAAAGC,ATG,7.826608557,67082394.65
AGCGGAGA,CTGAGCCG,ATG,7.826296539,67034216.63
AGCGGAGC,GAGCACCCACGCC,ATG,7.822689968,66479840.45
GCAGGAGA,ATCAAC,ATG,7.822087093,66387619.06
AGAGGATA,AGGCAGA,ATG,7.818376845,65822874.56
TGAGGAGA,AGAAC,ATG,7.817684896,65718084.37
AAAGGACC,ATGGC,ATG,7.814880445,65295077.94
CAGGGAGA,AAGAAC,ATG,7.813837072,65138397.74
TGGGGAGA,AAGGCGGATGGAG,ATG,7.813381706,65070134.67
GAGGGAAG,AGGCAG,ATG,7.812748507,64975331.91
GACGGAGG,TTACCCA,ATG,7.811147776,64736285.43
AAGGGAAC,CCATGCCGCTGCC,ATG,7.810203785,64595726.2
AGCGGAAA,ATCCGACC,ATG,7.808905281,64402878.86
GAGGGACG,ATGCAGC,ATG,7.807133478,64140667.91
CAGGGAGA,CGCCTC,ATG,7.805848806,63951215.84
CAAGGAGA,AATTCC,ATG,7.805459116,63893858.59
CCCGGAGA,GCCTGAG,ATG,7.805227726,63859825.31
AAGGGACG,ACCG,ATG,7.804775014,63793292.01
CAGGGAGC,AAGGGA,ATG,7.804304704,63724245.85
GCAGGAAA,AGATCGC,ATG,7.80386321,63659498.12
CAGGGAAG,CCG,ATG,7.803129634,63552060.26
GGAGGAGG,AGCC,ATG,7.801212098,63272078.01
AGAGGATG,AGGG,ATG,7.801194464,63269508.97
GAAGGAAG,AAGGATAAGACG,ATG,7.796339204,62566117.24
ACGGGACT,TGGCATAAA,ATG,7.795510453,62446838.02
TCAGGAGG,GAAC,ATG,7.789901122,61645463.4
CAAGGTGG,GGATGCG,ATG,7.785713219,61053872.96
CGGGGACG,GATT,ATG,7.784552298,60890886.65
GACGGAGG,ATG,ATC,7.775865461,59685036.06
GCAGGAGG,ACCTGCC,ATG,7.773502471,59361172.57
TCTGGAGA,TTTGCATA,ATG,7.772865996,59274240.18
GCAGGAGC,GACGCAGC,ATG,7.771312996,59062659.16
AAAGGAAG,GAAA,ATG,7.771074638,59030252.08
AGAGGAAA,AAACGC,GTG,7.768809012,58723105.2
GAGGGACG,TGATCC,ATG,7.76870592,58709167.15
GAGGGAGA,AGGGCTACTG,ATG,7.767889829,58598949.25
CAAGGACA,AGCCGCTG,ATG,7.767371448,58529046.37
CATGGAGG,CACGA,ATG,7.766178074,58368438.34
AGGGGAGC,AGGGGCGC,ATG,7.762953004,57936599.85
CAAGGAAA,ATACGAG,ATG,7.762774404,57912778.75
TGAGGAGG,ACCCC,ATG,7.762165294,57831611.44
ACCGGAGG,GGGCCGCC,ATG,7.761016104,57678785.06
GAAGGAAC,GGACGGCG,ATG,7.759996867,57543578.6
CCAGGAAA,AGACGATC,ATG,7.75645433,57076105.28
CAGGGAGA,AAC,ATG,7.756317889,57058176.57
AAAGGAAC,GAGTG,ATG,7.754530452,56823823.42
CCCGGAGG,GAGGGCAAGCA,ATG,7.753268733,56658977.54
CGAGGAAG,AATGAAAACTTTC,ATG,7.753078351,56634145.33
CGTGGAGG,AGGGAATTTTCAG,ATG,7.752861821,56605915.78
CCAGGAGG,GATGCC,ATG,7.751316829,56404899.37
GAGGGAAG,GAATC,ATG,7.751138412,56381731.88
GAAGGAGA,CGAGCC,ATG,7.747808225,55951047.94
AAGGGACC,GTAAAGACG,ATG,7.739898613,54941259.67
ACGGGAGA,GGTCGAA,ATG,7.738793825,54801674.01
CATGGAAA,CAGAACC,ATG,7.738271104,54735753.88
AAGGGAAT,CCTTCCG,ATG,7.737732459,54667908.55
GATGGAGG,CCACC,ATG,7.737317651,54615718.51
GATGGAAA,AGCTTGCACC,ATG,7.736972385,54572316.01
AGCGGAGG,ATCGCC,ATG,7.735288357,54361115.1
CGGGGACA,GCACACTG,ATG,7.734255796,54232021.89
GAGGGAGT,GAGGCCC,ATG,7.733981014,54197719.63
GACGGAGA,GCAGCCCA,ATG,7.733813926,54176871.94
GACGGAGG,GACC,GTG,7.733612716,54151777.4
GAAGGAAA,GGGAAC,ATG,7.730603857,53777902.24
ACAGGAGA,AATCC,ATG,7.727943957,53449538.13
GAAGGATA,CGCCGC,ATG,7.727930562,53447889.58
CAAGGAAG,TAAAGCTGAGCC,ATG,7.724946331,53081884.24
GCCGGAAG,ACGATCCA,GTG,7.724221985,52993424.5
ACGGGAGT,AGGGAAGGTCC,ATG,7.722930889,52836116.49
AGAGGAGG,AGGCGAAGG,ATG,7.722347599,52765201.31
AAAGGAAC,TGATTCC,ATG,7.721168469,52622135.5
GGAGGAGC,GCGTCTTT,ATG,7.719870203,52465063.53
AAAGGATG,AATGGA,ATG,7.716328639,52038963.69
CGAGGAGA,GGGTGGCAGCG,ATG,7.71579594,51975172.63
TGAGGAGA,GAGC,ATG,7.713796556,51736441.69
CGGGGAAA,GCA,ATG,7.713738385,51729512.45
AAAGGAAA,ACC,GTG,7.713571869,51709682.21
AACGGAGC,ACCGG,ATG,7.712870787,51626274.59
GGGGGAGG,GGCATC,ATG,7.712673236,51602796.3
GGGGGAGG,GACCAAGCCGGAC,ATG,7.712575829,51591223.63
CGGGGAAA,ACCGTCTG,ATG,7.711804116,51499630.89
AAAGGTGA,ACAGAC,ATG,7.71094901,51398330.16
CAGGGATG,CACGACCCCG,ATG,7.709752149,51256877.91
CAAGGAGT,ACAACTG,ATG,7.709647238,51244497.35
CAAGGAAA,GTCCGCGC,ATG,7.709584385,51237081.58
ACAGGAGG,AGCCCGGAC,ATG,7.708259366,51080997.11
GCCGGAGA,AAG,ATG,7.708211762,51075398.27
CCAGGAAA,ATCAAACCC,GTG,7.707197529,50956258.11
CGAGGTGA,GCAAGC,ATG,7.706333802,50855016.73
GAAGGAGT,AAAGCG,ATG,7.706163998,50835136.91
GAGGGAAT,GCGGGCGC,ATG,7.705276879,50731403.73
TAGGGAGA,GGAAGCC,ATG,7.703546722,50529700.2
CAAGGAAC,ACACCG,ATG,7.703203342,50489764.16
TCAGGAGA,CAC,ATG,7.702683066,50429314.6
TAAGGAGA,GGCCCAGACC,ATG,7.701811246,50328182.35
AAAGGAGG,CGGCGCG,ATG,7.701769769,50323376.04
CAAGGATG,GAAGCG,ATG,7.699744879,50089290.42
TCAGGAGG,TTCATGG,ATG,7.699436645,50053752.92
AAGGGAAG,GTAAGCGTC,ATG,7.692331542,49241530.34
TAAGGAGC,AACACGCGC,ATG,7.69061523,49047314.18
GAAGGAGA,AGACCG,ATG,7.690247012,49005746.78
GACGGAGA,GCCAGAGC,ATG,7.687951395,48747393.02
GAGGGTGA,GGCAGAG,ATG,7.687885054,48739947.2
GGGGGAGA,CTG,ATG,7.687328959,48677577.73
AATGGAGA,ACCGCC,TTG,7.686971949,48637578.94
ACAGGAGA,CCAGCCG,ATG,7.686734314,48610972.96
GAAGGAGA,CAGACCC,ATG,7.683142996,48210651
GAGGGACA,ACAGGCAT,ATG,7.682850124,48178150.52
AACGGAGA,CCCGGACC,ATG,7.681779107,48059484.41
AGGGGAAG,ACCCCGC,ATG,7.681080624,47982251.63
CAGGGAGG,GGAACCCCG,ATG,7.679009866,47754012.2
GGAGGATA,TGATCCCG,ATG,7.676662215,47496566.43
CGGGGAGG,GCCCGCC,ATG,7.675387678,47357381.14
AAGGGAGG,AGCGAGGCGTCCTG,ATG,7.674310399,47240055.43
GAGGGAAG,GGGGAAGGCC,ATG,7.672737918,47069319.29
CGAGGACG,CGAC,ATG,7.672678512,47062881.3
TAGGGAGT,TCG,ATG,7.671095174,46891613.21
CAGGGAAA,ATCGTCAC,ATG,7.670643371,46842856.51
AGAGGATA,AGGCAAG,ATG,7.669199717,46687403.06
ACAGGACG,TAACCCGCG,ATG,7.668223701,46582597.44
GGAGGAGG,TGGA,ATG,7.667424225,46496924.18
GAAGGAGA,AAGCCGA,ATG,7.667315125,46485245.06
TCAGGAAG,AGCAGC,ATG,7.667102389,46462480.23
AGAGGACC,GGGC,ATG,7.667065859,46458572.21
GGCGGAGC,AAAGC,ATG,7.666207465,46366836.36
GCTGGAGG,CCAGCC,ATG,7.665260505,46265845.7
CGAGGAGC,GCGTG,ATG,7.664341492,46168045.79
AAGGGAAA,AAGGGGGCACGGCG,ATG,7.662969398,46022414.33
TCAGGACG,AGGCG,ATG,7.660576144,45769497.48
AGGGGACA,ACCCAC,ATG,7.660527518,45764373.19
GCAGGAGG,GGGGAGCGTTTCTG,ATG,7.660218394,45731810.39
GCAGGAAA,AAGCGAT,ATG,7.659957668,45704363.77
CCGGGAAA,CCGCCG,ATG,7.658998229,45603505.6
GCAGGAAC,TTGACCA,ATG,7.658853403,45588300.57
GCAGGAAA,TGGGCCG,ATG,7.654857533,45170774.08
CGAGGACG,AGAGAAACG,ATG,7.654069601,45088895.97
CGAGGACC,AGAC,ATG,7.647898531,44452739.55
GAAGGAGT,AGACC,ATG,7.646472649,44307030.97
AAGGGAAA,AGGCCC,ATG,7.642969121,43951036.42
GGAGGAGG,GAGGCAGGG,ATG,7.642415473,43895042.41
AATGGAAG,AGGGGCAAGCC,ATG,7.641861342,43839070.93
AAAGGACA,ATCCGGGGCGC,ATG,7.641041473,43756388.85
CCCGGAGG,CGGACA,ATG,7.639714132,43622859.71
GCAGGAGA,GGATGGTGCTGGT,ATG,7.639022103,43553403.97
AGCGGAGG,ATGCG,ATG,7.636503829,43301588.5
AAAGGAGC,TAAGCCC,ATG,7.636004098,43251791.23
CGCGGAGT,GGACCACC,ATG,7.635443786,43196025.21
CACGGAGC,CCCCCG,ATG,7.634698226,43121933.52
ACGGGAAG,CCCGTG,ATG,7.634307773,43083182.18
ACAGGACA,AGC,ATG,7.631213587,42777321.43
AAGGGAGA,GCATG,ATG,7.629832728,42641524.96
CGAGGACA,AGCCCC,ATG,7.626957175,42360119.35
GGGGGACG,ACC,ATG,7.626809778,42345744.96
CAAGGATC,CGC,ATG,7.626727801,42337752.6
CAAGGAGA,CGGACCT,GTG,7.625615968,42229502.79
CCGGGAGT,ATCCG,ATG,7.620430669,41728297.75
GGGGGACG,ACGCACC,ATG,7.620165024,41702781.66
GAAGGAGA,GCGCAGCC,ATG,7.618419934,41535546.95
GGAGGAGA,AATT,ATG,7.617207969,41419797.3
GGAGGAAG,AGAT,ATG,7.617130012,41412363.03
CAAGGAAA,AGGCCCACGC,ATG,7.615741269,41280150.24
GGGGGACG,AGCCCT,ATG,7.615587805,41265565.84
AGGGGACG,ACTGAGCC,ATG,7.613825196,41098426.66
GCGGGACA,GACAC,ATG,7.613772497,41093439.87
AAAGGAGC,CATGAC,ATG,7.61176371,40903805.08
CAAGGATG,ACTTTCC,ATG,7.611277495,40858036.79
AAGGGAAT,GCGCT,ATG,7.610933991,40825732.97
AAAGGTGA,AGG,ATG,7.607808857,40533010.1
CAAGGAGG,GACAGGG,ATG,7.607598676,40513398.5
AACGGAAA,CCGCC,ATG,7.607132505,40469934.79
ATAGGAGA,ACCGCC,ATG,7.603500169,40132865.45
GATGGAGC,GGCTGAGCC,ATG,7.602635141,40053008.33
GGGGGAAC,GCAAGA,ATG,7.599182111,39735813.7
CAAGGAGG,AAGGTC,ATG,7.598267335,39652204.32
AGGGGACG,GGTCGA,ATG,7.596422342,39484109
AGAGGATA,AACACC,ATG,7.595425453,39393580.24
AAGGGAGT,GGCGCAGCC,ATG,7.594953932,39350833.15
CCCGGAGC,AAGGCAATCCC,ATG,7.593354397,39206168.02
ACGGGAGA,TAGCAAAGCTCACC,ATG,7.593137234,39186568.4
GGGGGAAC,GACCGAACC,ATG,7.59210119,39093197.18
CAAGGAGC,GGACATGCCG,ATG,7.589159366,38829282.57
CAAGGAAA,TTTTACCG,ATG,7.5876897,38698105.14
AAAGGACG,AAACTGA,ATG,7.585466394,38500502.18
TGAGGAGG,GACAGCGCC,ATG,7.585227472,38479327.35
CAAGGAGT,CGATTTTC,ATG,7.584524662,38417107.42
GGGGGACA,ACG,ATG,7.583958272,38367037.98
GACGGAGG,GGGACCATC,ATG,7.58354145,38330232.15
CAGGGAGG,CAGGAA,ATG,7.582265013,38217740.97
AAGGGAAA,GCAACCTGAC,ATG,7.581123906,38117455.88
GAAGGAGC,ACGGTC,ATG,7.580547653,38066912.42
ACCGGAGA,CAGGGCGC,ATG,7.57901953,37933204.26
AACGGAAT,TCC,ATG,7.57891205,37923817.66
TGAGGAGG,CGCGGGCCC,TTG,7.578635615,37899686.26
AAAGGATC,AAGGCCCCAGCC,ATG,7.575689691,37643473.58
ACAGGAGA,CCGCCGA,ATG,7.574799108,37566359.32
ACAGGAGC,AGAC,ATG,7.568598244,37033797.22
CGGGGAAG,AGAGAGTGCGG,ATG,7.567962739,36979645.12
GCTGGAGG,AAAGAACC,ATG,7.567294231,36922766.3
CAAGGAGG,TGGCC,ATG,7.566644915,36867604.05
CGCGGAAG,TGACCG,TTG,7.56220943,36492988.45
GGGGGACG,ATTTC,ATG,7.56203291,36478158.81
GCAGGAGT,ACTGCC,ATG,7.560918487,36384673.93
TAAGGAGA,TTCCG,ATG,7.560573288,36355765.04
AAAGGAAG,GGATGGGGTAGAA,ATG,7.558751342,36203565.36
ACAGGAAA,GAGAGGCAAGA,ATG,7.557637383,36110822.67
ACAGGAGC,GGAATG,ATG,7.551345184,35591409.24
AGAGGAGA,TCGAGC,ATG,7.550681878,35537091.32
ACCGGAGC,GCAACC,ATG,7.548964393,35396831.85
GGCGGAGT,AGGGGAA,ATG,7.548753135,35379617.64
GACGGAAA,GATGACGAGA,ATG,7.548364095,35347938.83
GAAGGACT,TAGGAC,ATG,7.547034838,35239913.87
GACGGAGA,ATGCCC,ATG,7.546565279,35201833.07
AGAGGTGA,CTGTGAC,ATG,7.54173057,34812127.88
AGAGGAAG,GAGGGTTAGG,ATG,7.539508925,34634500.23
CGCGGAAG,CCTTGA,ATG,7.53432314,34223398.98
GGAGGACG,GACGAACC,ATG,7.533716269,34175609.51
AAGGGAGA,CGAAGGC,ATG,7.532368076,34069681.69
CAAGGTCA,GCCG,ATG,7.531112024,33971288.85
ACGGGAAA,GGGAGCCGGGCGA,ATG,7.529141785,33817522.26
TCCGGAGA,GGA,ATG,7.528978285,33804793.31
GACGGAGG,TGA,TTG,7.528841386,33794138.97
GGAGGAAA,AAAGGCTAAGCC,ATG,7.526560627,33617129.46
AAAGGAGG,ACATCCC,ATG,7.525461145,33532130.29
TGAGGAGG,CCCGAC,ATG,7.518549608,33002710.36
CGGGGAGA,GGATAGCG,ATG,7.515060933,32738662.49
GGAGGAGA,GGA,TTG,7.514949535,32730266.02
GAAGGAGC,CGCGCCCC,GTG,7.513473423,32619208.81
TAAGGAGC,AACGGCG,ATG,7.513135153,32593811.76
GATGGAGA,GCTGAGCG,ATG,7.509614221,32330634.01
GAAGGAGC,AGACCTG,ATG,7.508097057,32217887.25
AAAGGAGA,ATGCCC,ATG,7.505881536,32053948.6
GGAGGAGG,AGGGGGATCGAG,ATG,7.497274741,31424960.54
TAAGGAGA,AGACCAAAG,ATG,7.49537362,31287698.67
ACAGGAGG,GAGAAC,ATG,7.492809937,31103548.36
AAAGGACC,ACAGACCC,ATG,7.492598999,31088444.97
GCCGGAGA,GAAGAT,ATG,7.491664701,31021636.27
AAGGGAGT,TCACGCC,ATG,7.490946116,30970350.21
GGGGGAAA,CGAG,ATG,7.488133696,30770439.24
AAAGGACC,AGAATT,GTG,7.487976972,30759337.09
GAGGGATG,GCGCA,ATG,7.487650001,30736187.82
CGAGGATG,TGATCC,ATG,7.486745541,30672243.32
AGGGGAAA,AGGCCC,ATG,7.486663977,30666483.37
CGAGGAGG,AAGC,ATG,7.485983566,30618475.7
AAGGGAGC,GCCGCCGCGC,ATG,7.485562551,30588807.79
GAAGGAGA,GAC,ATG,7.481566272,30308627.6
GATGGACA,GAAGGCCG,ATG,7.480715431,30249307.1
AGGGGAGG,GGCAACCTGTG,GTG,7.480641224,30244138.93
ACAGGAGA,GGGAAA,ATG,7.478358769,30085606.38
AATGGAGC,ACGGTGTG,ATG,7.476278436,29941836.6
AGCGGAGG,AGTTGAAC,ATG,7.473803465,29771688.41
AAAGGATG,GCGGGAACG,CTG,7.471847616,29637912.81
CTGGGAGA,CGCAT,ATG,7.470058248,29516050.75
GAGGGAGC,TGCGAC,ATG,7.469355374,29468319.78
AGGGGAGG,ACAGGGACAAACAC,ATG,7.467280602,29327875.35
CATGGAGT,TCACGCC,ATG,7.465085776,29180032.79
GCAGGAGG,AAAATG,ATG,7.461822838,28961619.16
CCCGGAGC,GAGAGCCG,ATG,7.459084872,28779607.84
ATCGGAGA,GCAAGTG,ATG,7.458827297,28762544.04
AACGGAAG,GCCGCGGA,ATG,7.456210358,28589750.02
GAAGGACC,AAGTTTGCC,ATG,7.456196829,28588859.43
AAAGGAGG,GCGGAG,ATG,7.453982769,28443482.52
CAGGGAGG,AGC,ATG,7.453559016,28415742.97
AAAGGAAA,TGCGAACC,ATG,7.451817486,28302023.42
TAAGGAAG,GACCGGC,ATG,7.4516918,28293833.92
AACGGAGA,GACTGTC,ATG,7.450733044,28231440.86
TAAGGACG,GAGCTCGGACT,ATG,7.450352015,28206682.84
AGAGGACC,GAATAGCA,ATG,7.44908781,28124694.26
GACGGAGA,TGAG,ATG,7.448848719,28109215.11
CAAGGACC,TAGCGCC,ATG,7.448821022,28107422.49
GAAGGTGG,TCAGATG,ATG,7.442919059,27728032.79
AATGGAGG,AAGCGC,ATG,7.442080466,27674543.52
GAAGGAAC,AATAGCGAC,ATG,7.441096698,27611925.82
CGAGGAAC,GAGTTTTC,ATG,7.440905062,27599744.52
CGGGGAAT,GAATTGCC,ATG,7.438775972,27464770.33
GGAGGACG,CAGCGAAC,TTG,7.437218072,27366425.33
GAAGGAAG,ATACCC,ATG,7.436627519,27329237.74
CAAGGAGA,AAGCGAC,ATG,7.434963113,27224700.64
GGAGGAGA,CGA,ATG,7.431123065,26985039.94
AAGGGTGA,GGCTG,ATG,7.430682545,26957681.95
GCGGGAGC,TGACC,ATG,7.430188702,26927045.38
ACAGGAGC,AACTG,ATG,7.426811839,26718485.6
GGGGGAGG,GCAGGA,ATG,7.426092174,26674247.37
ACAGGAGG,AAGCCAG,ATG,7.425152289,26616582.26
ACCGGAGG,GGAATC,ATG,7.42183417,26413999.8
AACGGAGG,AGACA,ATG,7.42035981,26324480.53
GCAGGACG,AGAC,ATG,7.419788093,26289849.08
GCAGGACC,CACGCCA,ATG,7.417442193,26148223.76
AGAGGAAA,AAAAAG,ATG,7.416586018,26096725.51
GAAGGAAA,AGAACC,ATG,7.414482513,25970631.68
CCGGGACA,AGC,ATG,7.414117602,25948819.3
GCCGGAGG,AGGCAAACC,ATG,7.412991295,25881610.38
ACAGGAAA,CCCGCG,ATG,7.411983855,25821641.97
CAGGGAGT,CGGTTCC,ATG,7.409963768,25701813.51
ACGGGAGG,GCGCGC,GTG,7.40872129,25628387.97
AAGGGAAA,CAAGTCC,ATG,7.407583891,25561356.12
ACAGGATG,GCCCATC,ATG,7.399207732,25073082.66
AAGGGAAA,GCTGGGGCTAGCG,ATG,7.398057875,25006785.83
ACAGGAGC,ACA,ATG,7.39615455,24897431.7
GAAGGAAA,CCAGC,ATG,7.394867953,24823782.23
AGGGGAGG,TAAGGCC,ATG,7.392344185,24679944.85
ACAGGAGT,CGCG,ATG,7.388755212,24476832.3
GGTGGAGG,TGACGGGG,ATG,7.388104422,24440181.22
ACGGGAGG,AACGAT,ATG,7.386667059,24359426.5
CATGGACG,GCGCTGGC,ATG,7.384995418,24265844.92
AAGGGAAG,AAATC,ATG,7.382355732,24118801.99
CGGGGACG,GCAGCCGACCG,ATG,7.381722528,24083662.24
AAAGGACA,ACAGACTTC,ATG,7.381358474,24063482.21
CCGGGAAT,CGACGCCC,ATG,7.379921702,23984004.8
AGGGGATG,GCC,ATG,7.379897062,23982644.09
GCAGGAGG,GGCACGACC,ATG,7.379310472,23950273.21
AACGGAGG,AGCGCC,ATG,7.37834151,23896896.92
CAAGGAAG,AGGCCGAATTCC,ATG,7.377915898,23873489.23
TGAGGAGG,GCGCGGGCGAC,GTG,7.374350425,23678294.89
CCAGGAAA,TAAAGACCCG,ATG,7.373537083,23633991.91
AAAGGAAC,GAACGGGACC,ATG,7.373427483,23628028.35
CCCGGAGG,CGACGAGACCC,ATG,7.37339881,23626468.43
AAAGGAGA,GCCGCAGA,ATG,7.372811025,23594513.4
AAAGGAGG,CAAGG,ATG,7.371091801,23501295.4
AAGGGAGC,GGCCGCG,ATG,7.370972608,23494846.29
CGAGGAAT,TTATG,ATG,7.367889681,23328653.95
CATGGAGG,ATAAGGATCGCCC,ATG,7.362954533,23065057.02
CAGGGAAG,AGCCCC,ATG,7.357379915,22770885.28
GGAGGACA,CATCCC,ATG,7.357371463,22770442.1
ACAGGAGG,GAATG,ATG,7.355790543,22687703.77
AGGGGATA,GAGA,ATG,7.355374849,22665998.17
AAAGGAGA,AGCAGGC,ATG,7.355181049,22655885.93
GAAGGAGA,GGCCTTTTTGG,ATG,7.354974988,22645138.85
CCAGGAGA,GTCGTTCCT,GTG,7.35483464,22637821.97
GAGGGAGA,GGTGGATC,ATG,7.352361101,22509253.97
CGCGGAAG,GGGAAAGCC,ATG,7.352219144,22501897.59
ATAGGAGG,GCGCGTC,ATG,7.351505332,22464943.56
GAAGGAAG,CAAGGG,ATG,7.35011769,22393278.94
ATCGGAGA,GAAACC,ATG,7.3476611,22266968.75
CGCGGAGA,GCGCGC,ATG,7.347502652,22258846.35
AGGGGAGG,AACACG,ATG,7.346370467,22200894.17
GGAGGAGG,AAATC,ATG,7.343492441,22054257.49
GCCGGAGA,AGTGATTCC,ATG,7.342108988,21984115.03
AAAGGATC,GAGTTC,ATG,7.342006337,21978919.43
TGAGGAGG,TGATCCT,ATG,7.341983188,21977747.92
GATGGAGG,GTC,ATG,7.340841988,21920072.6
AAAGGAAA,AAGGGCGC,ATG,7.337184639,21736250.93
CCAGGAGA,AAACGACC,ATG,7.336627593,21708388.89
AAAGGAAT,GCAAGTC,ATG,7.335425125,21648366.17
ACAGGATA,GTTCTGGCG,ATG,7.335340689,21644157.67
AGCGGAGG,AGCGCATC,ATG,7.334845897,21619512.52
CAAGGAAA,CCC,ATG,7.334387801,21596720.18
AAGGGAAA,GAGGCTCCG,ATG,7.333221033,21538776.68
GAAGGAAC,GACC,ATG,7.330795475,21418816.74
GAGGGACA,AAGGGGGGCGC,ATG,7.329196196,21340087.53
TCAGGAGG,GGCGTTTATCC,ATG,7.328789782,21320126.73
ACAGGAGA,ATCCTGC,ATG,7.326723486,21218930.28
AAAGGAGG,GCCCCG,ATG,7.32644544,21205349.75
CGGGGAAA,TGATCCGAACC,ATG,7.325666161,21167333.92
GAGGGACG,CCCGAC,ATG,7.322020835,20990405.82
AAAGGAAT,ACGCG,ATG,7.321651719,20972573.23
AAAGGTGA,ATAAAG,ATG,7.321522875,20966352.11
TCAGGAGT,TATGTCACCGCC,ATG,7.320441802,20914226.27
CAAGGAAC,TTGGGAAA,ATG,7.320087054,20897149.7
CACGGAAA,GGCAGCC,ATG,7.312962048,20557109.43
GCCGGAGT,TCCGAC,ATG,7.309903968,20412865.23
GAGGGAGA,GAGCAAT,ATG,7.308874844,20364551.21
AAAGGATT,AGCATGCGA,ATG,7.30746589,20298590.88
CGAGGTGG,GCGCTGAA,ATG,7.307213146,20286781.26
TGGGGAAA,AGCCG,ATG,7.305393201,20201945.75
AACGGAGA,GCTGAC,ATG,7.305375642,20201128.98
GAAGGAAC,GATTTC,ATG,7.304788099,20173818.04
GGAGGAGA,GCCC,ATG,7.304776037,20173257.72
AACGGAGG,GCATGC,ATG,7.300778683,19988429.95
CCGGGAGC,ACACGGCC,ATG,7.299955156,19950562.99
CGCGGAGG,TAAGGACG,ATG,7.297088264,19819297.84
AAAGGATG,GACGACC,ATG,7.296118767,19775103.56
AAAGGACG,TTTGTC,ATG,7.295641303,19753374.75
AAAGGAAA,GAATCC,ATG,7.29530698,19738174.31
AGAGGTGA,GACGACCTC,TTG,7.29354115,19658082.36
GGGGGAAA,AAGCCG,ATG,7.293160049,19640839.59
CGAGGAGG,GAAGCGATC,ATG,7.291536878,19567569.18
GCTGGAGG,ACCACG,ATG,7.290629723,19526739.08
GAAGGAGA,ACGATG,ATG,7.29033261,19513384.87
GCAGGAAC,GAGGGATGAC,ATG,7.286417416,19338260.92
AATGGAGG,GATGA,ATG,7.282980823,19185840.19
CAAGGTGA,CTGCCC,ATG,7.282288432,19155276.8
AAGGGAAA,GAAAG,ATG,7.281772215,19132521.73
AAGGGAGC,CAGATGCGC,ATG,7.281673964,19128193.83
TGAGGAGG,TAGCCC,ATG,7.280375436,19071086.49
TCGGGAAG,GGGGTGGCGG,ATG,7.279997593,19054501.59
CAAGGAAA,GGATC,ATG,7.276781262,18913907.57
CCGGGAAA,ACCCGTC,ATG,7.275047374,18838545.75
CAGGGAGA,GGACGG,ATG,7.271589497,18689147.73
GCCGGAAA,TTTCC,ATG,7.265875142,18444850.59
ACAGGAGA,AAACCCC,ATG,7.265517818,18429680.98
AAGGGAGC,AGGAA,ATG,7.264273975,18376972.92
AGGGGAAA,GGGCGT,ATG,7.261709261,18268768.03
ACGGGAAA,AACCAGC,ATG,7.261621207,18265064.36
GACGGAGG,GAACCGCGC,ATG,7.260075247,18200161.7
GGGGGACG,GGGGCG,ATG,7.259455921,18174225.85
AAGGGAGC,CAAGGGGACGG,ATG,7.257101224,18075953.84
GAGGGAGG,AGGCGCC,ATG,7.255604589,18013768.98
GACGGAGA,AGAACG,ATG,7.253311888,17918922.36
CGAGGAGG,ACGAGAG,ATG,7.251629929,17849659.22
CAGGGAGT,AAGAAGCA,ATG,7.251474573,17843275.18
CAAGGAGT,GATTC,ATG,7.249200333,17750080.73
ACAGGAGC,GACCCAT,ATG,7.248152172,17707292.94
GTAGGAGA,ACGCTCT,TTG,7.24743087,17677908.04
GACGGAGG,GGCTG,ATG,7.241149007,17424045.94
CACGGAGA,GGCCTGAC,ATG,7.241092965,17421797.66
CGCGGAAA,GCGAACCA,ATG,7.23737365,17273233.73
GAGGGAGG,AGAAACTGTT,ATG,7.237259065,17268676.96
CCAGGAGC,ATGGTGGCACT,ATG,7.237223054,17267245.12
AACGGTGA,AACAGAC,ATG,7.236746702,17248316.09
TAAGGAAC,TTGTGGGT,ATG,7.236704947,17246657.82
GACGGAGA,AGCGTA,ATG,7.235732506,17208083.54
ACAGGAAT,GACC,ATG,7.230943391,17019366.51
GACGGACG,CAGACA,ATG,7.225940964,16824453.43
GAAGGAGC,GTGTGAC,ATG,7.224480783,16767981.36
GAAGGAGA,AAATCCG,ATG,7.223544975,16731888.99
CAGGGAAC,GCCCACC,ATG,7.222747872,16701207.5
GGAGGAGG,GATGAGGAC,ATG,7.22216931,16678973.16
CAAGGACC,GGCACCC,ATG,7.221832152,16666029.73
CAGGGACG,GTACAC,GTG,7.221017747,16634806.27
AGGGGAGG,ACGCGCG,ATG,7.219414025,16573492.08
CCCGGAGC,TGACAAAG,ATG,7.218450879,16536777.35
TCAGGAGT,GCCGAG,ATG,7.216249174,16453154.43
CGAGGACA,GACGAG,ATG,7.215460408,16423299.32
GGAGGATA,GGAACCGGC,ATG,7.212685234,16318687.79
CATGGAGA,AGAAATC,ATG,7.21253965,16313218.39
GCAGGAGA,GCAGG,ATG,7.205552939,16052879.24
ATCGGAGA,GAGAGTGC,ATG,7.199764393,15840336.13
GCAGGAGG,CAGGTTTCACG,ATG,7.199581204,15833655.97
GACGGAGG,GATACGCG,ATG,7.189706766,15477712.15
ATGGGAGG,CGAATG,ATG,7.189014787,15453070.54
GGAGGAGA,CGGACC,ATG,7.187386968,15395257.87
AGGGGAGG,AAGCACGATC,ATG,7.187283331,15391584.49
AGAGGAAC,GCCG,ATG,7.184876298,15306514.18
ACAGGACA,CCTGAC,ATG,7.184359528,15288311.69
GAAGGAGG,GAGTTGA,ATG,7.182168085,15211361.41
CGAGGAAG,GAGCCGCC,ATG,7.179167232,15106617.45
ACAGGTGA,CCGCC,ATG,7.179101742,15104339.6
AAAGGAGT,TGCCA,ATG,7.176863981,15026712.62
GGAGGAGA,AAAAACTC,TTG,7.175588856,14982657.64
AAAGGAGC,AGGTTC,ATG,7.174030015,14928975.83
GACGGAGA,GCCGCGGA,ATG,7.172224024,14867023.37
GCAGGACA,TCCGCC,ATG,7.172215175,14866720.43
AAGGGAAG,GAACG,ATG,7.172211977,14866610.97
CAAGGTGA,GGTCCATGAC,ATG,7.171893366,14855708.41
CAAGGAGA,ACGCCGC,ATG,7.167781418,14715716.67
ACCGGAGT,AAAGAGGCTGCG,ATG,7.166029478,14656473.19
AACGGAGT,ATGAGGCAGAAA,TTG,7.165014519,14622260.57
TGAGGAGA,AGCG,ATG,7.164856308,14616934.75
AAGGGAGG,AAAC,ATG,7.162097586,14524379.43
TAAGGACA,AAGCGAC,ATG,7.161021067,14488421.32
CAAGGATG,GTGAGCG,ATG,7.160694234,14477522.03
ACCGGAGG,AAGCCAACCC,ATG,7.158997608,14421074.1
TAGGGAGG,GAACGCGCGAA,ATG,7.155767762,14314222.45
AGCGGAAG,ATCTCG,ATG,7.154476536,14271727.21
CAAGGAGA,GACGC,ATG,7.152599058,14210162.95
AAGGGAGA,GCCAG,ATG,7.151568017,14176467.18
CAGGGAGT,TGCGCG,ATG,7.151079143,14160518.09
ACAGGAGA,GCC,ATG,7.14919807,14099316.85
AAAGGAAG,GCCATGTG,ATG,7.147717907,14051345.33
GGCGGAGT,GGACAG,ATG,7.146494145,14011806.93
GGCGGAGG,CTGGGGAA,TTG,7.142448363,13881882.47
CGAGGAGG,AAAGGCGTT,ATG,7.141945648,13865822.86
TGGGGAAA,GACTTTGGC,ATG,7.140737299,13827297.26
AGCGGACA,GGCTGAGCC,ATG,7.140255273,13811958.77
GAAGGAGG,CTTGAA,GTG,7.139270826,13780685.64
AGGGGAAC,GCCGGAT,GTG,7.135083866,13648466.74
AGAGGAGT,GGCGGCGCTG,ATG,7.131561952,13538231.99
GAGGGACG,GGGCGA,ATG,7.12858234,13445666.66
GCAGGAGG,CGGCAG,ATG,7.128209839,13434139.06
CGGGGAAT,GATCCGC,ATG,7.124859124,13330889.37
AAGGGAAA,CAAACTC,ATG,7.124758209,13327792.07
CAAGGAGT,AGGA,ATG,7.120694738,13203672.32
AAAGGACA,GGCC,ATG,7.119609842,13170729.85
AGCGGAGA,GAGAATGTCC,ATG,7.118487826,13136746.7
CAAGGAGC,GGCAGCGC,ATG,7.117902277,13119046.66
ACGGGAGC,TCGCC,ATG,7.117238426,13099008.57
GAGGGAGA,ACGACTG,ATG,7.117056635,13093526.6
TGAGGAGA,AGGAACCAGGATC,ATG,7.114469792,13015767.79
TCAGGAGA,GGCGCAGC,GTG,7.113817638,12996237.47
TCAGGAAT,GAATAGCCAGCC,ATG,7.111943466,12940273.8
AAAGGACC,TTCAC,GTG,7.111332795,12922091
AGCGGAGG,AGACGGC,ATG,7.106172585,12769461.56
GAAGGAGC,AAG,ATG,7.105805083,12758660.55
CAGGGTGA,TGAGC,GTG,7.105456048,12748410.76
GCCGGAGA,GAACGCATG,ATG,7.100724722,12610279.78
TCGGGAAA,TATGGTC,ATG,7.099992249,12589029.44
GCAGGAGA,TGAGCCG,ATG,7.09884054,12555688.72
ACGGGAGA,CGAAGCG,ATG,7.08935606,12284459.7
ACAGGAGG,GCTCTGC,TTG,7.087515535,12232508.76
GCAGGAGG,AATGACG,ATG,7.0844408,12146210.41
CGAGGAGG,ATGGCGC,ATG,7.083918678,12131616.63
GGCGGAAA,GGCCAGG,ATG,7.082473474,12091313.28
CAAGGAGT,AAAACC,ATG,7.082013204,12078505.57
AAGGGACG,GGAT,ATG,7.081573727,12066289.12
GAAGGAGG,GAAGCC,ATG,7.080389324,12033426.91
AACGGAAT,AGCCCA,ATG,7.079162062,11999469.94
AAGGGAAA,GGCTAGGAC,ATG,7.077265425,11947180.49
AAAGGAAG,AGAGCCCC,ATG,7.076306781,11920837.85
GAGGGATG,GAAGGGGACGC,ATG,7.075990557,11912161.08
GAAGGAGA,GCCCGAGC,ATG,7.075222088,11891101.54
AGGGGAGG,GAGGTCGTGCA,ATG,7.073195718,11835748.21
AAAGGAAA,ACGAAAGT,ATG,7.066652586,11658766
CAAGGAGG,GCGGCCG,ATG,7.06526669,11621620.5
GAAGGAGA,GCGTG,ATG,7.062660077,11552077.06
GCGGGACG,TTCCAG,GTG,7.059874515,11478219.21
GAGGGAGG,AACCGCGACG,ATG,7.059662545,11472618.32
CGAGGAGG,AAG,ATG,7.058573149,11443876.16
GAAGGAAG,ATTTCAC,ATG,7.057309586,11410629.03
CAGGGAGG,GCTTCCC,ATG,7.054651606,11341006.67
GCAGGATA,AGAGCAG,ATG,7.052213927,11277528.34
AAGGGAAG,AGCCC,ATG,7.050180426,11224846.89
TGGGGAGA,GACAATCGA,ATG,7.049916345,11218023.49
TGAGGAGC,CATCGC,ATG,7.048438462,11179913.97
CGAGGAAG,GGGTGC,ATG,7.044203662,11071428.57
GACGGAAA,GCATCTGCC,ATG,7.041990738,11015158.19
CCGGGAAA,AAGACCG,ATG,7.038257511,10920876.89
CGAGGAGG,AACGCC,ATG,7.031115939,10742761.63
CAAGGAGG,GGAC,ATG,7.030708007,10732675.7
CAAGGAAA,GCGCC,ATG,7.019312316,10454717.83
CAAGGAGA,GAAAAGAGTGTC,ATG,7.01833884,10431309.72
AAAGGACG,AAGACG,ATG,7.011856422,10276764.92
ACAGGAAT,AATCC,ATG,7.01093298,10254936.61
CAAGGAGT,ACCCC,ATG,7.010635885,10247923.73
GAAGGAGG,AGCCGGC,ATG,7.009876316,10230016.07
CGAGGAGA,TATCGCGCC,ATG,7.003773976,10087277.68
AAAGGAGG,CCGAC,ATG,7.002131319,10049196.04
AAAGGAAT,GCGACG,ATG,6.99939217,9986013.986
AGGGGATA,AAGGCGAATGGGG,ATG,6.99872532,9970692.445
GCAGGAAG,TGGAAACGAC,ATG,6.998003533,9954135.158
GACGGAAA,AGCCC,ATG,6.997761397,9948586.876
ACAGGAAA,AACGGC,ATG,6.98725962,9710903.094
ACGGGAGA,AGCC,ATG,6.983442069,9625916.033
GAAGGAGA,CCAGGGA,ATG,6.983315694,9623115.408
GAGGGAAG,GGTGCCG,ATG,6.9816861,9587074.457
GCAGGAAC,GACGAGGA,ATG,6.981452741,9581924.429
AAGGGACC,AGACGGTATA,ATG,6.978421909,9515287.379
CCGGGAGC,GACGGC,ATG,6.977185416,9488234.632
GCCGGAGG,GTCGAGTG,ATG,6.975481426,9451079.706
ACCGGAGA,GGCCGGCTG,ATG,6.975255196,9446157.803
ACAGGAGG,CCCAACCCA,GTG,6.971284955,9360196.27
ACAGGAGG,GCACCC,ATG,6.96883418,9307524.331
GAAGGAAC,TTAAGGAAGTAGAC,ATG,6.963869846,9201737.627
ACGGGAGT,GGAGAG,ATG,6.962002472,9162257.053
TGAGGAGG,CTTCTG,ATG,6.96143338,9150258.854
CCCGGAAG,GAATCGACGCAAT,ATG,6.959576779,9111225.161
GGAGGAGA,AGCGG,ATG,6.956901123,9055264.136
CGAGGAGG,ACGACA,ATG,6.955349138,9022962.205
GAGGGAGG,TAGCCAG,ATG,6.954567481,9006736.998
CAAGGAGG,GCGGGGCAGA,ATG,6.951364666,8940558.855
AGCGGAGG,GGGCGATC,ATG,6.949197031,8896046.233
ACAGGAAA,CAATACGA,ATG,6.948225909,8876176.078
GAGGGACC,AGGGGAT,GTG,6.943985033,8789922.243
GGGGGAGC,AATCCG,ATG,6.932587219,8562236.487
GCAGGAGA,GGGACTTG,ATG,6.927736101,8467127.536
AGCGGAAG,TAGCC,ATG,6.927600064,8464475.738
GGGGGAGG,AAGCCGCCG,ATG,6.927146949,8455649.042
ACGGGACG,CAAGACCA,ATG,6.925882858,8431073.162
CCTGGAGA,GGCAGGG,GTG,6.92133226,8343192.416
AAAGGTGC,GATGAG,ATG,6.920809326,8333152.423
AAGGGATG,ATGAGCG,ATG,6.919059286,8299640.593
TATGGAGA,GAACCGGAA,ATG,6.917681651,8273354.83
CCCGGAGG,GCTC,ATG,6.914401873,8211110.054
AAAGGAGC,AAATGAG,ATG,6.908355941,8097592.941
CCGGGACG,AGTCAAGGC,ATG,6.907036821,8073034.726
AAAGGAGA,ATGCCATG,ATG,6.905196208,8038892.251
AAAGGAGA,GACATGTTCAG,ATG,6.894441399,7842262.933
GACGGAGG,AAGCGGCC,ATG,6.891113691,7782402.548
AAAGGAGG,GTTCCTC,ATG,6.885947214,7690369.632
TGAGGAGA,GCAGG,ATG,6.884989229,7673424.587
GACGGAGA,GAGGCGGA,ATG,6.879970353,7585257.932
TCGGGAGC,TGAGGCCAC,ATG,6.874535892,7490932.642
AAAGGACT,CCCC,ATG,6.870648528,7424180.595
CCCGGAAG,GAACAC,ATG,6.869179242,7399105.886
GCTGGAGA,AGACCCGCAA,ATG,6.869089993,7397585.502
TGGGGAAA,AAACGC,ATG,6.867918986,7377665.928
TGGGGAAG,ATT,ATG,6.863417776,7301595.599
ACGGGAAA,AAGCC,ATG,6.858423559,7218111.045
GCAGGAGC,CGCCATTC,ATG,6.857900888,7209429.315
TCAGGAGA,AGAGAC,ATG,6.856873037,7192386.831
AAAGGACA,CCCCG,ATG,6.856168399,7180726.727
AAGGGAAA,GCGAC,GTG,6.854488244,7153000.314
GCCGGAGG,GGGGGCGGGGC,ATG,6.851261703,7100054.834
CGGGGAAA,GACGGA,ATG,6.850492942,7087497.886
AGAGGACC,GCTCAG,ATG,6.850275118,7083943.973
AAAGGATG,ATCGGCC,GTG,6.848677301,7057929.26
GCGGGAGG,AGTATC,ATG,6.843640491,6976546.467
TGAGGAAG,GGGCGGC,ATG,6.840382163,6924400.24
AAGGGAGC,ACCGTCC,ATG,6.838810604,6899388.556
GCTGGAGA,GGGAACTG,ATG,6.833736909,6819254.658
CGAGGAGA,GACCCGGC,ATG,6.824024915,6668450.25
GGAGGACG,GCCCA,ATG,6.822518313,6645356.936
ACGGGAGG,GGCTCGAA,ATG,6.820673933,6617195.005
ACCGGAGG,GAGCCTGACA,ATG,6.820288688,6611327.762
CAGGGAGA,GATC,ATG,6.819671847,6601944.158
CATGGAGA,CGAGCC,ATG,6.816237516,6549942.934
AGGGGAAC,GAATCGCGACAG,ATG,6.812341426,6491445.663
CGAGGAGC,CAAACGAG,ATG,6.810569645,6465016.608
GCAGGAGG,GCCGAATG,ATG,6.808223929,6430191.825
AAAGGAGG,GGCGTC,ATG,6.806662284,6407111.529
GAAGGAGT,CACA,ATG,6.806627129,6406592.917
GCAGGAGC,GTCCGTC,ATG,6.803663958,6363029.819
CACGGAGG,GAAGAACC,ATG,6.799726105,6305595.456
CAAGGACT,CGCGAC,GTG,6.796138501,6253720.99
GATGGAGG,ATCGCA,ATG,6.793692479,6218597.948
ACGGGAGG,TCCACGC,ATG,6.79364212,6217876.909
GAAGGAGG,CAGGCCG,ATG,6.789504402,6158917.722
TCAGGACG,GGCACC,ATG,6.789052017,6152505.589
AAAGGAGC,GAGAACGAGCAATG,ATG,6.788823851,6149274.087
CGGGGACA,AGGGACGG,ATG,6.787279991,6127453.038
ACGGGAGA,CGCGGC,ATG,6.787088004,6124744.892
GAAGGAAA,AACC,ATG,6.786953588,6122849.55
GCTGGAGG,GCATC,ATG,6.781112361,6041049.031
AAGGGAAA,ATGACC,ATG,6.781108762,6040998.972
GCAGGAGG,AGGGGACGGC,ATG,6.780469371,6032111.651
AAAGGAAC,TGGA,ATG,6.780297109,6029719.49
CAGGGAGG,AGCCG,ATG,6.770803417,5899339.867
CAAGGATG,AGAC,ATG,6.769864915,5886605.27
GAAGGACA,GTCATTC,ATG,6.762029157,5781348.605
CGGGGAGG,AGGCGCG,ATG,6.761400518,5772986.182
GGAGGAGT,AGA,ATG,6.76054102,5761572.355
ACGGGACT,GAGCAGGA,ATG,6.759255393,5744541.792
AGAGGACA,CAGCCCG,ATG,6.757707063,5724098.033
CAAGGAGA,AAGACC,ATG,6.757490158,5721239.884
CGAGGAGG,GGCGG,GTG,6.756989515,5714648.4
CCAGGACG,CCGACC,ATG,6.754567489,5682866.961
AAGGGAAT,TAGGGCG,GTG,6.751860338,5647553.292
GCAGGAGT,GGCCGTCTG,ATG,6.745600458,5566733.85
TGAGGAAA,TGTTAGT,ATG,6.741069049,5508952.772
GGGGGAAA,GCGCC,ATG,6.740520634,5502000.612
GCCGGAGG,AGGCG,ATG,6.73972139,5491884.433
GGGGGACA,TGACC,ATG,6.737559486,5464613.939
AAGGGACA,AGCCAC,ATG,6.73443778,5425475.162
AAGGGAAG,ACGCC,ATG,6.734008379,5420113.478
AAGGGAGG,AAGAC,ATG,6.723531409,5290922.602
CGAGGAAA,CCGGA,ATG,6.7218158,5270062.914
AGGGGAAA,ATCGAG,ATG,6.720556626,5254805.257
ACAGGAGG,AATAGACG,ATG,6.715647292,5195738.579
CAGGGAGA,GAAGAAAG,ATG,6.713105984,5165424.093
CAAGGAAT,GCGAGC,ATG,6.712256087,5155325.444
AGGGGAAA,AAGAAA,ATG,6.70844336,5110264.277
GAAGGAAA,AGCCC,ATG,6.706965485,5092903.943
GCAGGAGT,GGGGAAGCCC,ATG,6.706511647,5087584.638
GCAGGAGT,GGAAG,ATG,6.7049976,5069879.069
GCGGGAGG,AGGCTTTGGA,ATG,6.701087814,5024441.736
CAAGGATC,ACCACGCC,ATG,6.692791465,4929370.535
GAAGGAGA,CCAATC,ATG,6.68486237,4840189.548
GCTGGAGA,AGGCCG,ATG,6.683840294,4828811.96
CAAGGAGC,TGCCGCCC,GTG,6.678208067,4766592.958
GAGGGAGG,GCCCG,ATG,6.6762354,4744991.079
GCAGGAGC,AAAGCC,ATG,6.672888368,4708562.809
GAAGGAAA,AGTAAA,ATG,6.668332982,4659432.038
AACGGAGC,CCACGCG,ATG,6.661228392,4583828.83
GGAGGAGC,CAGGCGGGTCGCG,ATG,6.660486497,4576005.066
GCAGGAAA,ACATG,ATG,6.658955893,4559906.036
AACGGATA,ATCCTGCG,ATG,6.658079485,4550713.403
CGAGGAAG,GAAAGATC,ATG,6.65674789,4536781.776
GGCGGAGT,GCCCCG,ATG,6.655500815,4523773.113
GCAGGAAA,GCGGTCC,ATG,6.655371279,4522424.016
CGAGGAGG,GGAAAGCTCGG,ATG,6.645503831,4420830.17
AAGGGAGG,AGCAAGGAC,ATG,6.64495889,4415286.508
AAGGGAAA,ACCCCGCGCC,ATG,6.643734594,4402857.143
ACAGGAGA,AGCGCGC,ATG,6.643309792,4398552.618
ACGGGACG,GTCTGAGCC,ATG,6.643083177,4396258.055
GAAGGATG,AGCCGCG,ATG,6.633696416,4302257.653
GAGGGACA,AGCTCCGAC,ATG,6.633310977,4298441.068
CAAGGAGC,GGCGCC,ATG,6.631337977,4278957.538
GGAGGAGA,AAATTGA,ATG,6.630511534,4270822.621
GGAGGAGA,ACC,ATG,6.625233477,4219232.686
CAGGGATA,AGGGCAGGGATC,ATG,6.625226683,4219166.685
TGAGGAGC,ACGAATTC,ATG,6.623888451,4206185.786
CAAGGAGT,GCGCT,ATG,6.620356496,4172117.159
CGGGGAGG,GCACCG,ATG,6.616756452,4137675.735
ACAGGAGA,AGACCTGCC,ATG,6.616138205,4131789.666
GGGGGAGG,CACG,ATG,6.611746267,4090216.223
GAGGGACG,AACAGCC,ATG,6.597556074,3958731.75
TCAGGAGG,TCTTGCC,ATG,6.596529897,3949388.864
AAAGGACG,AGCGC,ATG,6.596235356,3946711.276
GCAGGAGG,TCCC,ATG,6.595950807,3944126.239
CACGGAGG,GACGGG,ATG,6.584941299,3845398.025
CAAGGACA,AGAGAGAAG,ATG,6.58342517,3831997.086
GCAGGAGG,GCCACC,ATG,6.573382977,3744406.388
GGAGGAAA,GCC,ATG,6.569660088,3712445.513
AAAGGAGG,ATGCCG,ATG,6.564770137,3670879.569
CCAGGAGG,TGACGG,ATG,6.562835369,3654562.297
ACAGGAGA,GCAGGGGAA,ATG,6.559584556,3627309.023
GCAGGAGA,CAATCC,ATG,6.559389477,3625680.052
AGGGGAAA,AAGAC,GTG,6.557760751,3612108.2
AAAGGAGT,ACAATG,ATG,6.556511555,3601733.333
GGAGGACA,TTGAAAG,ATG,6.554831123,3587823.936
AAAGGACG,AGAGCAGGAAGCAG,ATG,6.553507227,3576903.531
CATGGAGG,GGACCAGGACG,ATG,6.551157454,3557602.765
AAGGGAAA,AGTATAGT,ATG,6.551039322,3556635.197
GAAGGAGG,CGCC,ATG,6.550593932,3552989.568
AAAGGAGT,AAATC,GTG,6.549707441,3545744.527
GAAGGAGC,ATGCCC,ATG,6.53785954,3450321.304
CGAGGACG,GCCGCCGA,GTG,6.535645602,3432777.084
ACCGGAGG,CCGGAC,ATG,6.533820881,3418384.269
GAAGGAGG,AGGGGCG,ATG,6.531670329,3401498.855
AGGGGATG,ATCGCGCC,ATG,6.53087073,3395241.961
CCGGGTGA,CCTTGGACGAGCC,ATG,6.528346766,3375567.259
GAAGGTGG,AAGTGTTTCCGGCC,ATG,6.528260155,3374894.144
GCCGGAAG,TGAACTGC,ATG,6.521095895,3319677.501
AAAGGAAC,ACCTGAC,ATG,6.519731386,3309263.777
AAGGGAGG,AATCGCATCCATC,ATG,6.518908201,3302997.163
AGGGGAGG,GCGTC,ATG,6.518622363,3300823.962
AAAGGAAC,AGAGAGGCGGCG,ATG,6.518521688,3300058.874
ACAGGAGA,GATCC,ATG,6.515390075,3276348.381
AGAGGAGA,GACCCGAACCA,TTG,6.513484282,3262002.441
AGGGGAAT,GAGGGACA,ATG,6.508252058,3222938.791
AAGGGAGG,GGCAGGG,GTG,6.502015111,3176984.613
ACAGGAGG,GGGCA,ATG,6.501214245,3171131.453
AGAGGTGA,CGGCAGCT,ATG,6.492754163,3109955.416
ACAGGACG,CCTCG,ATG,6.490317934,3092558.571
AGAGGAGA,ACATC,ATG,6.489429225,3086236.657
TGAGGACA,GAGCGGGC,ATG,6.484970043,3054710.396
AAGGGAGG,TCGGC,GTG,6.483910632,3047267.865
AGAGGAGG,GGTGTCG,ATG,6.483375466,3043515.134
AGCGGAGA,ATAACGCGGTG,ATG,6.481763868,3032242.063
GACGGAGA,GAACAG,ATG,6.481181575,3028179.222
CCGGGACG,AGGCCATGGC,ATG,6.47994467,3019566.994
CGAGGACA,GATGCG,ATG,6.477210387,3000615.769
AGGGGAGG,GGAGCAGATC,ATG,6.477181068,3000413.205
ACGGGAGG,GTGCTGTG,ATG,6.46826529,2939444.67
CGGGGAAC,CACCA,GTG,6.46821883,2939130.234
GCAGGAGG,TTCCGC,ATG,6.465623489,2921618.384
AACGGAGA,GAGTAA,ATG,6.460852413,2889697.705
CAAGGAGC,AGGATTTTCGCG,ATG,6.456024806,2857753.77
TCAGGAAA,GAGG,ATG,6.45511735,2851788.742
ACAGGTGG,CGACGAC,ATG,6.451977688,2831246.538
CGAGGAGA,GCCG,ATG,6.449123168,2812698.413
ACAGGAGA,ATCCTGG,ATG,6.447840853,2804405.774
AAGGGAAG,GCCG,ATG,6.442233483,2768429.596
TGAGGAAA,GAATGGGC,ATG,6.441511301,2763829.84
CCCGGAGG,GGTCGAGGC,ATG,6.437200622,2736532.571
GAGGGACA,GCCTGAC,ATG,6.435271047,2724401.103
ATGGGAGG,CAGCAGA,ATG,6.431074591,2698202.816
GCCGGAGA,GAACGA,ATG,6.430823781,2696645.022
GACGGAGG,GGGGCCTGATCC,ATG,6.428794672,2684075.152
AAGGGAAA,GAAATC,ATG,6.428072357,2679614.732
CGAGGATG,CGGGTGTG,ATG,6.42730473,2674882.629
CAGGGATG,AGGGAAAGC,ATG,6.420745599,2634787.528
AAAGGAAC,AACG,ATG,6.420667908,2634316.232
AAAGGACC,TTAAGGTGA,ATG,6.413444352,2590862.423
CAAGGAGA,AACTCACC,ATG,6.413250466,2589706.02
CCCGGAGA,TATTATCCT,ATG,6.411756523,2580812.914
CAAGGACG,AGGAACGCGCTC,ATG,6.410276476,2572032.64
AAAGGATG,GGCAAGGC,ATG,6.403884376,2534453.782
CGAGGAAG,TTGAAATCGTC,ATG,6.402519149,2526499.106
CGGGGAGG,ACGACC,ATG,6.388046736,2443693.514
GCAGGAGG,GCCCCCTTC,ATG,6.376678965,2380559.085
AACGGAGA,GGGATCGGCC,ATG,6.373745416,2364533.197
CAGGGAGG,GGCACGAA,ATG,6.368750798,2337495.58
GCAGGAGG,GAC,ATG,6.368229236,2334690.07
CAGGGAGG,AAAGC,ATG,6.363745247,2310708.951
GCAGGAGA,GCCGCG,ATG,6.359242797,2286876.949
AGCGGAGG,GTCAG,ATG,6.351208245,2244958.129
GGAGGAGG,AGGGAACTGC,ATG,6.34277719,2201796.567
GGCGGAGG,GCAGC,ATG,6.334862253,2162032.672
CAAGGATG,CAGTA,ATG,6.331270422,2144225.328
AAGGGATG,GCGCAC,ATG,6.330208492,2138988.708
GCAGGAGG,TAAGGGCGATGCAG,ATG,6.32341636,2105796.308
ACAGGACG,ATGAGC,ATG,6.320474656,2091580.845
AAAGGTGC,AAGC,GTG,6.32015493,2090041.597
AAAGGAAT,GGGATCCAGC,ATG,6.319557411,2087168.016
GCGGGACA,GAAACC,ATG,6.315408401,2067323.307
GAAGGAGA,ACAGCC,ATG,6.314947813,2065131.983
AAAGGAGA,TGGAACC,ATG,6.310997302,2046431.925
TCTGGAGG,CCGAG,ATG,6.303522109,2011509.596
GCAGGAGG,AAACG,ATG,6.301585537,2002560
GACGGAGG,GCAGCGCGC,ATG,6.29919614,1991572.586
CAAGGTGA,GGGACGC,ATG,6.29900963,1990717.479
AGAGGAGC,CCCGCGAC,ATG,6.291619049,1957127.184
GCTGGAGG,GAAACGACG,ATG,6.289272509,1946581.132
CCGGGAGG,TGACCGGCCGGA,ATG,6.283669119,1921627.118
AAAGGTCA,CCAGGTCGCC,ATG,6.277009837,1892386.483
CGAGGAGG,AAACCAG,ATG,6.270479606,1864144.636
CCAGGAGT,ATTGCCGC,ATG,6.268069089,1853826.512
ACAGGACG,AGAAA,ATG,6.267502752,1851410.628
TGAGGAAT,AGAC,ATG,6.267430917,1851104.417
GCTGGAGG,GACTGGA,ATG,6.265465212,1842744.873
AAAGGAGA,ACAGCCAC,ATG,6.264456148,1838468.31
GGCGGAGT,TGGTTTAGGGCGG,ATG,6.250387248,1779865.758
AAAGGAAA,ACGCGCG,ATG,6.23968197,1736528.72
GCTGGAGT,AGGACGCG,ATG,6.237794483,1728997.969
CAAGGATT,ACGCGGGC,ATG,6.235250698,1718900.344
ACAGGAAA,GGGCTG,ATG,6.208798609,1617329.877
AAAGGAAA,AGGTGATCCG,ATG,6.201111967,1588956.352
ACAGGAGG,TGA,ATG,6.184892551,1530708.701
CCCGGAGT,GACG,ATG,6.182240483,1521389.738
CAGGGAGA,GCAGC,ATG,6.178021609,1506682.03
CCGGGACA,TCTCCC,ATG,6.170246634,1479948.605
GATGGAGG,CCAGCC,ATG,6.157041069,1435625.185
CGTGGAGG,TCTTGC,ATG,6.156999359,1435487.315
AAAGGAGA,GGCTGAGCG,GTG,6.155858314,1431720.734
AGAGGAGA,GGGCCG,ATG,6.150559213,1414357.551
CCAGGAAA,AAGAGGCGCCA,ATG,6.141115437,1383934.185
AAAGGAAC,GCAGGC,ATG,6.138482011,1375567.833
CGGGGAAT,GGACCC,ATG,6.135232547,1365314.01
AAAGGAGC,GGCGTG,ATG,6.130454396,1350375.021
CACGGAGG,AACGGACAAT,ATG,6.126354546,1337687.122
CACGGAAG,GGATCGCC,ATG,6.117619059,1311049.409
GAGGGAGA,ATCCTG,ATG,6.105439141,1274791.446
AACGGACA,CAG,ATG,6.098397679,1254289.189
GCGGGAGA,GACC,ATG,6.092063812,1236129.049
AATGGAGT,GGCCAG,ATG,6.081815865,1207301.846
ACAGGAGG,CCC,ATG,6.077938905,1196572.189
CACGGAAG,GCGCATC,ATG,6.065428618,1162595.448
TAGGGAGG,GCG,ATG,6.062351621,1154387.515
GCAGGAGG,AGGTATC,GTG,6.062174792,1153917.585
GAAGGAAA,ATACA,ATG,6.057322896,1141097.873
GGCGGAGG,TTCATCGC,ATG,6.049772906,1121431.901
GAAGGAGC,GGACATGG,ATG,6.039256094,1094601.638
GAAGGTGG,CCCGCCT,GTG,6.036742455,1088284.528
CAGGGAGG,ACGCC,ATG,6.031501778,1075231.003
AAAGGAGC,GCCAAG,ATG,6.030128238,1071835.749
GATGGAGG,AGGCGCG,ATG,5.984768557,965536.1909
ACAGGAGG,ACGGA,ATG,5.969296702,931744.2081
AAAGGAAA,CGGTGAG,ATG,5.964611251,921745.9782
TCGGGACA,GACC,ATG,5.958114998,908060.9454
ACAGGACA,AAAATCC,ATG,5.95740658,906580.9317
CAAGGATA,AGCCTGTTCG,ATG,5.954651524,900848.0104
CGGGGAAG,GCCAGC,ATG,5.946596831,884294.3118
CGAGGAAA,GACCCGCCCG,GTG,5.938753639,868467.6364
AATGGAGT,GTGACAACCAC,ATG,5.924240076,839924.1647
CAAGGAAG,GTAGAAGTC,ATG,5.922096231,835788.1923
GGGGGAAA,GAGTTGCCG,ATG,5.920300511,832339.5111
CAAGGAAG,AGGCGGCGGA,ATG,5.907826826,808773.3379
CAAGGATA,AAGGCAGGGCC,ATG,5.901499658,797075.8636
TGCGGAGG,GCCACC,ATG,5.886226261,769531.25
GGAGGAGG,AGCAGT,ATG,5.885345519,767972.2357
AGAGGACA,AGGGCGTGAG,ATG,5.874713781,749400.16
GAAGGAAC,GCAGCG,ATG,5.873832446,747880.907
GGAGGACT,TCGCGC,ATG,5.871505049,743883.7113
GCCGGAGG,AAAACT,ATG,5.852888599,712670.1999
AAAGGAAA,AGGGGCAGGAC,ATG,5.832271618,679628.5562
GATGGAAG,AGAAAG,ATG,5.827873774,672781.0862
CGAGGAAA,CGGGC,ATG,5.826680409,670934.9398
AAAGGAAT,GCCCGGCAATG,ATG,5.825372492,668917.3982
TCAGGAGG,GAAACCGC,ATG,5.816357115,655174.6949
AAGGGAAA,GCCTGAGTCCC,ATG,5.810005414,645662.2782
AAAGGACA,ATCGGTCTGGTGAA,ATG,5.807893337,642529.8916
CCGGGAGG,AGGCAAA,ATG,5.770659531,589738.5678
AACGGATG,GTTTGTCAT,ATG,5.755411636,569392.3605
GAAGGAGT,GGGTGAAG,ATG,5.73695781,545704.8458
CCGGGAGT,CCCGCC,TTG,5.72470231,530520.6707
CCTGGAGG,GTGACA,ATG,5.710263161,513172.2463
GGAGGACA,GGTGCATT,ATG,5.699857666,501023.0038
AATGGAGC,TGAGGACGGT,TTG,5.699167799,500227.7716
ACAGGAAT,AGGACC,ATG,5.694878699,495311.828
CCAGGAGC,AGGCCGAGCA,GTG,5.686128823,485432.4709
CGGGGAGA,AACCT,ATG,5.680317082,478979.6712
CAAGGAGA,AGCACGCC,ATG,5.669130394,466799.5129
AGGGGAAA,CCAGCCG,ATG,5.635707876,432223.0025
CAAGGACA,GCGTGAC,ATG,5.630011036,426590.3588
CGGGGAGG,GGAACC,ATG,5.627021134,423663.5821
AGTGGAGG,GCACGAGA,ATG,5.615726159,412787.1406
AAAGGAGC,AGTCA,TTG,5.614496798,411620.3125
GAAGGAGG,GGGTCG,ATG,5.609312879,406736.249
CCGGGAGA,GGCCA,ATG,5.580528978,380652.7555
ACGGGATG,ACGACA,ATG,5.571833565,373107.1441
GGAGGAGG,GCACCG,ATG,5.570290566,371783.8887
GCAGGAGG,AGAAG,ATG,5.565141684,367402.1421
TCAGGAGG,GACGAC,ATG,5.545575767,351217.1928
CGGGGAGG,GGCACG,ATG,5.519011309,330378.144
GAAGGAGA,ATCGCATGGAC,ATG,5.514672874,327094.2232
CGGGGAGG,GCAT,ATG,5.510528679,323987.8167
AAAGGAAG,ATCCC,ATG,5.402774142,252798.2957
AAAGGAAA,AGGACGGGATCGGA,ATG,5.331787526,214677.9929
GAAGGTGG,GCGCC,GTG,5.243164049,175050.7793
TAGGGAAA,AGCCG,ATG,5.239583664,173613.5684
AAGGGAGG,GGCGGGTC,ATG,5.230570555,170047.619
CAAGGATT,TGGAAATCACTGC,ATG,5.22127679,166447.3136
GGGGGACA,AGGGTCGCAG,ATG,5.206117715,160737.6872
AAAGGTGC,ACGGGAACGCCCC,ATG,5.173076068,148962.1966
AAAGGAAA,GAGGTTCC,ATG,5.134443666,136283.6215
TCAGGAGC,AGCATC,ATG,5.120925954,132107.0375
TCGGGAGA,ATGACC,ATG,5.120025199,131833.3231
CGAGGAGG,CGCGCCC,ATG,5.117969472,131210.7664
GCAGGAGG,AGGCGATCTGAC,ATG,5.106863997,127898.0719
ACAGGAGG,GCCGAT,ATG,5.08269903,120975.9469
ACCGGAGA,AACC,ATG,5.064451664,115998.3106
AGCGGAGG,AGGCGGCGCG,ATG,5.042729307,110339.0669
AACGGAAA,TTCGTGTG,ATG,5.005396168,101250.2649
AGAGGAGG,GGCAAAA,ATG,4.993107607,98425.49483
GACGGAGG,AACCAGAC,ATG,4.81855457,65849.81666
CAAGGAGC,GAAGGGCGC,ATG,4.762941272,57935.03474
CAGGGAGT,GCCGCGTG,ATG,4.748785888,56077.14417
AGGGGAAG,AGGAT,ATG,4.720341189,52521.992
TGAGGACA,CTGTGCC,ATG,4.58114657,38119.44506
GGAGGAGA,TCGCG,ATG,4.292669675,19618.67509
AAGGGAGG,ATATCACG,ATG,3.856409883,7184.720582
